event_date,year_month,stream,seed,actual_member,Top1,Top1_score,Top2,Top2_score,Top3,Top3_score,Top1_minus_Top2,recommendation,top1_hit,top2_hit,member_play_hit
2023-01-31,2023-01,Wisconsin|Pick 4 Evening,7611,0025,0025,0.3333333333333333,0225,0.3333333333333333,0255,0.3333333333333333,0.0,Skip member play,1,1,0
2023-02-10,2023-02,Connecticut|Play 4 Day,6771,0025,0025,1.0,0225,0.0,0255,0.0,1.0,Top1 only,1,1,1
2023-02-15,2023-02,Massachusetts|Numbers Game Midday,7174,0025,0025,1.0,0225,0.0,0255,0.0,1.0,Top1 only,1,1,1
2023-02-22,2023-02,Tennessee|Cash 4 Midday,8150,0025,0025,1.0,0225,0.0,0255,0.0,1.0,Top1 only,1,1,1
2023-02-25,2023-02,New Jersey|Pick 4 Midday,4994,0255,0025,1.0,0225,0.0,0255,0.0,1.0,Top1 only,0,0,0
2023-02-27,2023-02,Wisconsin|Pick 4 Evening,2572,0255,0025,0.9756097560975611,0255,0.02439024390243903,0225,0.0,0.951219512195122,Top1 only,0,1,0
2023-02-28,2023-02,Connecticut|Play 4 Day,7036,0255,0025,0.9593495934959348,0255,0.04065040650406503,0225,0.0,0.9186991869918698,Top1 only,0,1,0
2023-02-28,2023-02,West Virginia|Daily 4,8870,0225,0025,0.5714285714285714,0255,0.42857142857142855,0225,0.0,0.14285714285714285,Top1 only,0,0,0
2023-03-06,2023-03,Louisiana|Pick 4,4419,0255,0025,0.5,0255,0.375,0225,0.125,0.125,Top1 only,0,1,0
2023-03-11,2023-03,Illinois|Pick 4 Midday,4344,0025,0025,0.4444444444444444,0255,0.4444444444444444,0225,0.1111111111111111,0.0,Top1 + Top2,1,1,1
2023-03-11,2023-03,New Mexico|Pick 4 Evening,9406,0225,0025,0.5,0255,0.4,0225,0.1,0.09999999999999998,Top1 only,0,0,0
2023-03-14,2023-03,New Jersey|Pick 4 Evening,4523,0255,0025,0.45454545454545453,0255,0.36363636363636365,0225,0.18181818181818182,0.09090909090909088,Top1 + Top2,0,1,1
2023-03-16,2023-03,Indiana|Daily 4 Evening,1820,0025,0025,0.4166666666666667,0255,0.4166666666666667,0225,0.16666666666666666,0.0,Top1 + Top2,1,1,1
2023-03-17,2023-03,Rhode Island|Numbers Game Evening,3429,0225,0025,0.46153846153846156,0255,0.38461538461538464,0225,0.15384615384615385,0.07692307692307693,Top1 + Top2,0,0,0
2023-03-18,2023-03,Missouri|Pick 4 Midday,0440,0025,0025,0.42857142857142855,0255,0.35714285714285715,0225,0.21428571428571427,0.0714285714285714,Top1 + Top2,1,1,1
2023-03-19,2023-03,Ontario|Pick 4 Midday,0901,0255,0025,0.4666666666666667,0255,0.3333333333333333,0225,0.2,0.13333333333333336,Top1 + Top2,0,1,1
2023-03-24,2023-03,Virginia|Pick 4 Night,3057,0225,0025,0.4375,0255,0.375,0225,0.1875,0.0625,Top1 + Top2,0,0,0
2023-03-26,2023-03,Ohio|Pick 4 Midday,6205,0255,0025,0.4117647058823529,0255,0.35294117647058826,0225,0.23529411764705882,0.05882352941176466,Top1 + Top2,0,1,1
2023-03-30,2023-03,Texas|Daily 4 Evening,5884,0025,0025,0.3888888888888889,0255,0.3888888888888889,0225,0.2222222222222222,0.0,Top1 + Top2,1,1,1
2023-04-07,2023-04,North Carolina|Pick 4 Daytime,4067,0025,0025,0.42105263157894735,0255,0.3684210526315789,0225,0.21052631578947367,0.05263157894736842,Top1 + Top2,1,1,1
2023-04-07,2023-04,Rhode Island|Numbers Game Evening,3133,0255,0225,0.9024390243902438,0025,0.0548780487804878,0255,0.04268292682926828,0.847560975609756,Top1 only,0,0,0
2023-04-07,2023-04,West Virginia|Daily 4,7213,0225,0225,0.9012775842044134,0025,0.052264808362369325,0255,0.04645760743321718,0.849012775842044,Top1 only,1,1,1
2023-04-14,2023-04,New Jersey|Pick 4 Evening,7666,0255,0255,0.9223946784922396,0025,0.04988913525498892,0225,0.02771618625277162,0.8725055432372506,Top1 only,1,1,1
2023-04-27,2023-04,North Carolina|Pick 4 Daytime,2072,0225,0025,0.9257688229056205,0255,0.04772004241781549,0225,0.026511134676564158,0.878048780487805,Top1 only,0,0,0
2023-04-30,2023-04,New Mexico|Pick 4 Day,8999,0025,0025,0.375,0255,0.375,0225,0.25,0.0,Top1 + Top2,1,1,1
2023-05-02,2023-05,Florida|Pick 4 Midday,8463,0255,0025,0.4,0255,0.36,0225,0.24,0.040000000000000036,Top1 + Top2,0,1,1
2023-05-16,2023-05,Oregon|Pick 4 7pm,7240,0225,0025,0.38461538461538464,0255,0.38461538461538464,0225,0.23076923076923078,0.0,Top1 + Top2,0,0,0
2023-05-17,2023-05,Idaho|Pick 4 Day,3653,0225,0025,0.37037037037037035,0255,0.37037037037037035,0225,0.25925925925925924,0.0,Top1 + Top2,0,0,0
2023-05-18,2023-05,New Jersey|Pick 4 Midday,1507,0255,0255,0.9216027874564461,0025,0.04355400696864112,0225,0.03484320557491289,0.878048780487805,Top1 only,1,1,1
2023-05-21,2023-05,Oregon|Pick 4 10pm,6132,0255,0255,0.3793103448275862,0025,0.3448275862068966,0225,0.27586206896551724,0.03448275862068961,Top1 + Top2,1,1,1
2023-05-28,2023-05,Kentucky|Pick 4 Evening,0922,0255,0255,0.4,0025,0.3333333333333333,0225,0.26666666666666666,0.06666666666666671,Top1 + Top2,1,1,1
2023-05-30,2023-05,Georgia|Cash 4 Evening,7496,0025,0255,0.41935483870967744,0025,0.3225806451612903,0225,0.25806451612903225,0.09677419354838712,Top1 + Top2,0,1,1
2023-06-01,2023-06,Illinois|Pick 4 Evening,7484,0255,0255,0.40625,0025,0.34375,0225,0.25,0.0625,Top1 + Top2,1,1,1
2023-06-12,2023-06,Oregon|Pick 4 10pm,8789,0225,0255,0.9297856614929786,0025,0.04065040650406504,0225,0.029563932002956397,0.8891352549889135,Top1 only,0,0,0
2023-06-28,2023-06,Missouri|Pick 4 Midday,6842,0255,0025,0.917503586800574,0255,0.05021520803443329,0225,0.03228120516499283,0.8672883787661407,Top1 only,0,1,0
2023-06-29,2023-06,South Carolina|Pick 4 Midday,3833,0225,0255,0.42857142857142855,0025,0.3142857142857143,0225,0.2571428571428571,0.11428571428571427,Top1 + Top2,0,0,0
2023-07-02,2023-07,Rhode Island|Numbers Game Midday,3623,0025,0255,0.4166666666666667,0025,0.3055555555555556,0225,0.2777777777777778,0.1111111111111111,Top1 + Top2,0,1,1
2023-07-17,2023-07,Atlantic Canada|Lotto 4,0117,0255,0255,0.40540540540540543,0025,0.32432432432432434,0225,0.2702702702702703,0.08108108108108109,Top1 + Top2,1,1,1
2023-07-18,2023-07,Wisconsin|Pick 4 Midday,4333,0225,0255,0.42105263157894735,0025,0.3157894736842105,0225,0.2631578947368421,0.10526315789473684,Top1 + Top2,0,0,0
2023-07-22,2023-07,Indiana|Daily 4 Midday,2677,0255,0255,0.41025641025641024,0025,0.3076923076923077,0225,0.28205128205128205,0.10256410256410253,Top1 + Top2,1,1,1
2023-07-23,2023-07,Illinois|Pick 4 Midday,4070,0025,0025,0.9146341463414634,0255,0.05182926829268293,0225,0.03353658536585367,0.8628048780487805,Top1 only,1,1,1
2023-07-24,2023-07,Illinois|Pick 4 Midday,5002,0025,0025,0.9167162403331349,0255,0.05056513979773943,0225,0.03271861986912552,0.8661511005353955,Top1 only,1,1,1
2023-07-31,2023-07,Delaware|Play 4 Night,8584,0225,0025,0.8765432098765432,0255,0.07495590828924162,0225,0.048500881834215165,0.8015873015873016,Top1 only,0,0,0
2023-07-31,2023-07,Tennessee|Cash 4 Morning,8159,0255,0255,0.3953488372093023,0025,0.32558139534883723,0225,0.27906976744186046,0.06976744186046507,Top1 + Top2,1,1,1
2023-08-02,2023-08,Pennsylvania|Pick 4 Evening,0024,0255,0255,0.4090909090909091,0025,0.3181818181818182,0225,0.2727272727272727,0.09090909090909094,Top1 + Top2,1,1,1
2023-08-05,2023-08,New Jersey|Pick 4 Evening,3755,0255,0255,0.9295392953929539,0025,0.037940379403794036,0225,0.03252032520325203,0.8915989159891599,Top1 only,1,1,1
2023-08-08,2023-08,Texas|Daily 4 Day,6434,0255,0255,0.43478260869565216,0025,0.30434782608695654,0225,0.2608695652173913,0.13043478260869562,Top1 + Top2,1,1,1
2023-08-09,2023-08,Michigan|Daily 4 Evening,6921,0225,0255,0.44680851063829785,0025,0.2978723404255319,0225,0.2553191489361702,0.14893617021276595,Top1 + Top2,0,0,0
2023-08-09,2023-08,Rhode Island|Numbers Game Evening,5548,0225,0255,0.4923780487804878,0225,0.47205284552845533,0025,0.03556910569105692,0.020325203252032464,Top1 only,0,1,0
2023-08-26,2023-08,Oregon|Pick 4 10pm,6087,0025,0255,0.7161553497068072,0225,0.24900144471827998,0025,0.03484320557491288,0.46715390498852716,Top1 only,0,0,0
2023-08-26,2023-08,South Carolina|Pick 4 Midday,3746,0025,0225,0.9121951219512194,0255,0.05121951219512194,0025,0.03658536585365853,0.8609756097560974,Top1 only,0,0,0
2023-08-27,2023-08,North Carolina|Pick 4 Evening,1276,0255,0255,0.4117647058823529,0025,0.3137254901960784,0225,0.27450980392156865,0.0980392156862745,Top1 + Top2,1,1,1
2023-08-29,2023-08,Texas|Daily 4 Morning,2722,0025,0255,0.4230769230769231,0025,0.3076923076923077,0225,0.2692307692307692,0.11538461538461536,Top1 + Top2,0,1,1
2023-08-30,2023-08,Iowa|Pick 4 Evening,6274,0255,0255,0.41509433962264153,0025,0.32075471698113206,0225,0.2641509433962264,0.09433962264150947,Top1 + Top2,1,1,1
2023-09-03,2023-09,New York|Win 4 Midday,7939,0025,0255,0.42592592592592593,0025,0.3148148148148148,0225,0.25925925925925924,0.1111111111111111,Top1 + Top2,0,1,1
2023-09-08,2023-09,Kentucky|Pick 4 Evening,6630,0255,0255,0.9290465631929047,0025,0.039911308203991136,0225,0.03104212860310421,0.8891352549889135,Top1 only,1,1,1
2023-09-12,2023-09,New York|Win 4 Midday,3417,0225,0025,0.917247386759582,0255,0.05226480836236934,0225,0.030487804878048783,0.8649825783972126,Top1 only,0,0,0
2023-09-13,2023-09,West Virginia|Daily 4,0794,0025,0225,0.9101412066752246,0255,0.05134788189987162,0025,0.03851091142490372,0.858793324775353,Top1 only,0,0,0
2023-09-21,2023-09,Maryland|Pick 4 Evening,4446,0225,0255,0.41379310344827586,0025,0.3275862068965517,0225,0.25862068965517243,0.08620689655172414,Top1 + Top2,0,0,0
2023-09-25,2023-09,Pennsylvania|Pick 4 Day,5283,0225,0255,0.4067796610169492,0025,0.3220338983050847,0225,0.2711864406779661,0.08474576271186446,Top1 + Top2,0,0,0
2023-09-26,2023-09,South Carolina|Pick 4 Midday,8585,0025,0225,0.48033145716072545,0025,0.47088805503439646,0255,0.048780487804878044,0.009443402126328992,Top1 only,0,1,0
2023-10-09,2023-10,Tennessee|Cash 4 Midday,6836,0255,0025,0.9180327868852458,0255,0.04798080767692922,0225,0.033986405437824864,0.8700519792083166,Top1 only,0,1,0
2023-10-10,2023-10,Kentucky|Pick 4 Midday,1756,0255,0255,0.4032258064516129,0025,0.3225806451612903,0225,0.27419354838709675,0.08064516129032256,Top1 + Top2,1,1,1
2023-10-11,2023-10,Texas|Daily 4 Evening,8709,0255,0025,0.9167634533488193,0255,0.05032907471931862,0225,0.03290747193186218,0.8664343786295007,Top1 only,0,1,0
2023-10-14,2023-10,Pennsylvania|Pick 4 Evening,9091,0025,0255,0.9294969512195123,0025,0.03810975609756098,0225,0.03239329268292683,0.8913871951219513,Top1 only,0,1,0
2023-10-17,2023-10,Ontario|Pick 4 Midday,4246,0255,0255,0.9287054409005628,0025,0.03939962476547842,0225,0.03189493433395872,0.8893058161350844,Top1 only,1,1,1
2023-10-21,2023-10,Arkansas|Cash 4 Evening,8131,0255,0255,0.42424242424242425,0025,0.3181818181818182,0225,0.25757575757575757,0.10606060606060608,Top1 + Top2,1,1,1
2023-10-22,2023-10,Connecticut|Play 4 Night,2697,0225,0255,0.43283582089552236,0025,0.31343283582089554,0225,0.2537313432835821,0.11940298507462682,Top1 + Top2,0,0,0
2023-10-24,2023-10,Missouri|Pick 4 Evening,2898,0225,0255,0.4264705882352941,0025,0.3088235294117647,0225,0.2647058823529412,0.11764705882352938,Top1 + Top2,0,0,0
2023-11-02,2023-11,Puerto Rico|Pega 4 Noche,9069,0025,0255,0.42028985507246375,0025,0.30434782608695654,0225,0.2753623188405797,0.1159420289855072,Top1 + Top2,0,1,1
2023-11-05,2023-11,Mississippi|Cash 4 Evening,0607,0225,0255,0.4142857142857143,0025,0.3142857142857143,0225,0.2714285714285714,0.10000000000000003,Top1 + Top2,0,0,0
2023-11-06,2023-11,West Virginia|Daily 4,1837,0225,0225,0.5126391902874714,0025,0.43754974822163195,0255,0.049811061490896605,0.07508944206583945,Top1 only,1,1,1
2023-11-09,2023-11,South Carolina|Pick 4 Midday,9435,0255,0025,0.6243303712106887,0225,0.3265503875968993,0255,0.04911924119241193,0.2977799836137894,Top1 only,0,0,0
2023-11-10,2023-11,Michigan|Daily 4 Midday,9589,0255,0255,0.410958904109589,0025,0.3013698630136986,0225,0.2876712328767123,0.1095890410958904,Top1 + Top2,1,1,1
2023-11-12,2023-11,New York|Win 4 Midday,4253,0225,0225,0.5180977437614604,0255,0.38245388245388245,0025,0.09944837378465701,0.135643861307578,Top1 only,1,1,1
2023-11-22,2023-11,Ohio|Pick 4 Evening,0663,0025,0255,0.8913580246913579,0025,0.05432098765432099,0225,0.05432098765432099,0.8370370370370369,Top1 only,0,1,0
2023-11-24,2023-11,New Jersey|Pick 4 Midday,1213,0025,0255,0.9277920410783054,0025,0.03690629011553273,0225,0.03530166880616174,0.8908857509627727,Top1 only,0,1,0
2023-11-27,2023-11,South Carolina|Pick 4 Evening,2989,0225,0255,0.4025974025974026,0025,0.3116883116883117,0225,0.2857142857142857,0.09090909090909094,Top1 + Top2,0,0,0
2023-11-28,2023-11,Massachusetts|Numbers Game Evening,5288,0255,0255,0.3974358974358974,0025,0.3076923076923077,0225,0.2948717948717949,0.0897435897435897,Top1 + Top2,1,1,1
2023-12-05,2023-12,Oregon|Pick 4 7pm,8412,0025,0225,0.913553565915406,0255,0.049397962334053726,0025,0.037048471750540296,0.8641556035813523,Top1 only,0,0,0
2023-12-11,2023-12,Kentucky|Pick 4 Midday,5275,0225,0255,0.9268292682926829,0025,0.03810975609756097,0225,0.03506097560975609,0.8887195121951219,Top1 only,0,0,0
2023-12-24,2023-12,Iowa|Pick 4 Evening,0599,0225,0255,0.9262270400481784,0025,0.037639265281541705,0225,0.03613369467028004,0.8885877747666366,Top1 only,0,0,0
2023-12-25,2023-12,Ontario|Pick 4 Midday,7027,0225,0255,0.9256395002974419,0025,0.037180249851279,0225,0.037180249851279,0.8884592504461629,Top1 only,0,0,0
2024-01-05,2024-01,Puerto Rico|Pega 4 Día,2881,0255,0255,0.3855421686746988,0225,0.3132530120481928,0025,0.30120481927710846,0.07228915662650603,Top1 + Top2,1,1,1
2024-01-05,2024-01,Texas|Daily 4 Evening,5287,0225,0255,0.6293200866371597,0025,0.33293310732335135,0225,0.03774680603948896,0.2963869793138083,Top1 only,0,0,0
2024-01-07,2024-01,New Jersey|Pick 4 Midday,8527,0025,0255,0.5431275958659326,0225,0.3744164332399626,0025,0.08245597089410478,0.16871116262597002,Top1 only,0,0,0
2024-01-12,2024-01,Pennsylvania|Pick 4 Day,4254,0025,0225,0.9163357912648894,0255,0.046795235394214416,0025,0.0368689733408962,0.869540555870675,Top1 only,0,0,0
2024-01-15,2024-01,Louisiana|Pick 4,3323,0255,0255,0.9243061396131201,0025,0.03784693019343986,0225,0.03784693019343986,0.8864592094196803,Top1 only,1,1,1
2024-01-21,2024-01,Connecticut|Play 4 Night,8536,0025,0225,0.9154656319290466,0255,0.04711751662971175,0025,0.03741685144124169,0.8683481152993349,Top1 only,0,0,0
2024-01-23,2024-01,Delaware|Play 4 Day,5307,0255,0225,0.8709945900957137,0255,0.07074490220557636,0025,0.05826050769870994,0.8002496878901373,Top1 only,0,1,0
2024-01-26,2024-01,Illinois|Pick 4 Midday,1870,0225,0025,0.915989159891599,0255,0.047425474254742556,0225,0.03658536585365854,0.8685636856368565,Top1 only,0,0,0
2024-01-26,2024-01,New York|Win 4 Evening,7701,0255,0255,0.38461538461538464,0025,0.3076923076923077,0225,0.3076923076923077,0.07692307692307693,Top1 + Top2,1,1,1
2024-01-29,2024-01,Virginia|Pick 4 Day,5784,0225,0255,0.391304347826087,0025,0.30434782608695654,0225,0.30434782608695654,0.08695652173913043,Top1 + Top2,0,0,0
2024-02-01,2024-02,Tennessee|Cash 4 Midday,4194,0255,0255,0.6827366182204893,0025,0.29251513122480866,0225,0.02474825055470217,0.3902214869956806,Top1 only,1,1,1
2024-02-02,2024-02,North Carolina|Pick 4 Evening,7046,0025,0255,0.6026680175616346,0025,0.37284701114488356,0225,0.02448497129348193,0.22982100641675102,Top1 only,0,1,0
2024-02-04,2024-02,Maryland|Pick 4 Evening,9719,0255,0225,0.9152759948652118,0255,0.04749679075738126,0025,0.037227214377406934,0.8677792041078306,Top1 only,0,1,0
2024-02-04,2024-02,Oregon|Pick 4 4pm,0037,0255,0255,0.3958333333333333,0025,0.3020833333333333,0225,0.3020833333333333,0.09375,Top1 + Top2,1,1,1
2024-02-04,2024-02,Wisconsin|Pick 4 Midday,0508,0225,0225,0.9145084234347499,0255,0.04903193361830526,0025,0.03645964294694493,0.8654764898164446,Top1 only,1,1,1
2024-02-06,2024-02,Missouri|Pick 4 Midday,6303,0225,0255,0.5213271049507984,0025,0.44134088907608066,0225,0.03733200597312095,0.07998621587471771,Top1 only,0,0,0
2024-02-06,2024-02,North Carolina|Pick 4 Daytime,3342,0255,0225,0.7986397071762925,0025,0.15331890331890338,0255,0.04804138950480414,0.6453208038573891,Top1 only,0,0,0
2024-02-09,2024-02,Tennessee|Cash 4 Midday,9895,0025,0255,0.8878648233486942,0025,0.08753200204813111,0225,0.0246031746031746,0.8003328213005632,Top1 only,0,1,0
2024-02-16,2024-02,Missouri|Pick 4 Midday,1565,0255,0225,0.5595136309939496,0255,0.25594418373940236,0025,0.184542185266648,0.3035694472545472,Top1 only,0,1,0
2024-02-20,2024-02,Rhode Island|Numbers Game Midday,6844,0025,0025,0.9139167862266859,0255,0.04901960784313726,0225,0.03706360593017695,0.8648971783835486,Top1 only,1,1,1
2024-02-22,2024-02,Québec|Quotidienne 4,0956,0025,0255,0.39805825242718446,0025,0.30097087378640774,0225,0.30097087378640774,0.09708737864077671,Top1 + Top2,0,1,1
2024-03-08,2024-03,Virginia|Pick 4 Night,0171,0255,0225,0.5950854700854701,0255,0.3804945054945055,0025,0.02442002442002442,0.2145909645909646,Top1 only,0,1,0
2024-03-08,2024-03,"Washington, D.C.|DC-4 7:50pm",4269,0255,0255,0.4,0025,0.3047619047619048,0225,0.29523809523809524,0.09523809523809523,Top1 + Top2,1,1,1
2024-03-20,2024-03,West Virginia|Daily 4,1299,0225,0225,0.7071140467231531,0025,0.24341517555020165,0255,0.04947077772664519,0.4636988711729515,Top1 only,1,1,1
2024-03-22,2024-03,New Jersey|Pick 4 Evening,0571,0225,0255,0.9525292983236908,0025,0.023735350838154572,0225,0.023735350838154572,0.9287939474855362,Top1 only,0,0,0
2024-03-23,2024-03,Illinois|Pick 4 Midday,3747,0225,0025,0.8439385727190605,0225,0.10750677506775069,0255,0.04855465221318879,0.7364317976513097,Top1 only,0,1,0
2024-03-25,2024-03,Kentucky|Pick 4 Midday,6604,0225,0225,0.6587294851119976,0255,0.30546832200368834,0025,0.03580219288431417,0.35326116310830924,Top1 only,1,1,1
2024-03-26,2024-03,New Jersey|Pick 4 Midday,6495,0255,0255,0.5090778661797314,0025,0.4521194730663884,0225,0.03880266075388026,0.056958393113343,Top1 only,1,1,1
2024-03-31,2024-03,Iowa|Pick 4 Evening,1096,0255,0255,0.582056949345328,0225,0.38278594232683194,0025,0.03515710832784004,0.1992710070184961,Top1 only,1,1,1
2024-04-05,2024-04,Arkansas|Cash 4 Midday,5689,0255,0255,0.4017857142857143,0225,0.3125,0025,0.2857142857142857,0.0892857142857143,Top1 + Top2,1,1,1
2024-04-06,2024-04,Missouri|Pick 4 Midday,9418,0225,0255,0.7182498113850182,0025,0.17147824640542422,0225,0.1102719422095577,0.546771564979594,Top1 only,0,0,0
2024-04-06,2024-04,New York|Win 4 Evening,4069,0225,0255,0.6034530771372876,0225,0.3742690058479532,0025,0.022277917014759115,0.22918407128933438,Top1 only,0,1,0
2024-04-08,2024-04,New Jersey|Pick 4 Midday,8145,0225,0255,0.6011529933481153,0025,0.35961052733056975,0225,0.039236479321314945,0.2415424660175456,Top1 only,0,0,0
2024-04-09,2024-04,Tennessee|Cash 4 Morning,8341,0225,0255,0.9264087468460891,0225,0.03994953742640874,0025,0.033641715727502096,0.8864592094196804,Top1 only,0,1,0
2024-04-10,2024-04,Delaware|Play 4 Day,7245,0225,0255,0.9259954138002918,0225,0.04065040650406503,0025,0.03335417969564311,0.8853450072962268,Top1 only,0,1,0
2024-04-12,2024-04,"Washington, D.C.|DC-4 7:50pm",6153,0255,0255,0.9255890863993387,0225,0.04133939644481191,0025,0.03307151715584953,0.8842496899545268,Top1 only,1,1,1
2024-04-14,2024-04,Florida|Pick 4 Midday,3755,0025,0255,0.9674708593114665,0225,0.018071744826963044,0025,0.014457395861570433,0.9493991144845034,Top1 only,0,0,0
2024-04-17,2024-04,Pennsylvania|Pick 4 Evening,8623,0025,0025,0.6676829268292682,0255,0.29166666666666663,0225,0.04065040650406503,0.3760162601626016,Top1 only,1,1,1
2024-04-23,2024-04,Pennsylvania|Pick 4 Evening,8534,0025,0025,0.8437185043338036,0255,0.11596704293489217,0225,0.04031445273130417,0.7277514613989114,Top1 only,1,1,1
2024-05-07,2024-05,New Mexico|Pick 4 Evening,4109,0225,0225,0.9180327868852458,0255,0.046981207516993195,0025,0.03498600559776089,0.8710515793682526,Top1 only,1,1,1
2024-05-10,2024-05,Texas|Daily 4 Morning,8509,0225,0025,0.9127503470156654,0255,0.04659924648026969,0225,0.04065040650406504,0.8661511005353957,Top1 only,0,0,0
2024-05-11,2024-05,Illinois|Pick 4 Evening,6865,0255,0255,0.9242722265932337,0225,0.04130605822187254,0025,0.03442171518489379,0.8829661683713612,Top1 only,1,1,1
2024-05-12,2024-05,New Mexico|Pick 4 Evening,5210,0225,0225,0.9190243902439024,0255,0.04682926829268292,0025,0.03414634146341463,0.8721951219512194,Top1 only,1,1,1
2024-05-14,2024-05,Georgia|Cash 4 Night,8066,0025,0255,0.38095238095238093,0225,0.3412698412698413,0025,0.2777777777777778,0.03968253968253965,Top1 + Top2,0,0,0
2024-05-15,2024-05,Illinois|Pick 4 Midday,3246,0255,0225,0.5261262013510241,0025,0.4277819991483038,0255,0.04609179950067217,0.09834420220272028,Top1 only,0,0,0
2024-05-20,2024-05,Idaho|Pick 4 Night,0351,0255,0255,0.3828125,0225,0.3359375,0025,0.28125,0.046875,Top1 + Top2,1,1,1
2024-05-20,2024-05,Puerto Rico|Pega 4 Día,0902,0255,0255,0.9253166950274154,0225,0.04065040650406504,0025,0.03403289846851957,0.8846662885233504,Top1 only,1,1,1
2024-05-24,2024-05,Ohio|Pick 4 Evening,3774,0025,0025,0.5934065934065934,0225,0.37545787545787546,0255,0.031135531135531136,0.21794871794871795,Top1 only,1,1,1
2024-06-03,2024-06,Missouri|Pick 4 Midday,5530,0225,0255,0.44979385763629653,0225,0.427663364943282,0025,0.12254277742042152,0.022130492693014536,Top1 + Top2,0,1,1
2024-06-03,2024-06,Ohio|Pick 4 Evening,8752,0025,0025,0.7682780182780182,0225,0.2010582010582011,0255,0.030663780663780664,0.5672198172198171,Top1 only,1,1,1
2024-06-06,2024-06,Connecticut|Play 4 Night,3041,0025,0025,0.4961908698990138,0225,0.4570458805136032,0255,0.04676324958738309,0.03914498938541061,Top1 only,1,1,1
2024-06-07,2024-06,Iowa|Pick 4 Evening,6506,0225,0255,0.5132250141696582,0225,0.4512817204499269,0025,0.035493265380415,0.06194329371973123,Top1 only,0,1,0
2024-06-08,2024-06,Louisiana|Pick 4,4313,0025,0255,0.924119241192412,0225,0.04065040650406504,0025,0.03523035230352303,0.8834688346883469,Top1 only,0,0,0
2024-06-08,2024-06,"Washington, D.C.|DC-4 11:30pm",1948,0025,0225,0.8760893246187365,0255,0.06944444444444443,0025,0.05446623093681917,0.806644880174292,Top1 only,0,0,0
2024-06-19,2024-06,Maryland|Pick 4 Midday,0301,0255,0255,0.3722627737226277,0225,0.3284671532846715,0025,0.29927007299270075,0.043795620437956206,Top1 + Top2,1,1,1
2024-06-20,2024-06,Michigan|Daily 4 Midday,8437,0255,0255,0.9240014139271828,0225,0.039766702014846236,0025,0.036231884057971016,0.8842347119123366,Top1 only,1,1,1
2024-06-22,2024-06,Texas|Daily 4 Evening,6919,0025,0025,0.4116944221140387,0255,0.3895510024198452,0225,0.1987545754661161,0.022143419694193534,Top1 + Top2,1,1,1
2024-06-28,2024-06,Puerto Rico|Pega 4 Noche,5460,0025,0025,0.9146341463414634,0255,0.046167247386759584,0225,0.03919860627177701,0.8684668989547039,Top1 only,1,1,1
2024-06-30,2024-06,Indiana|Daily 4 Evening,6205,0225,0255,0.5793487378936932,0025,0.40349271715091894,0225,0.017158544955387784,0.1758560207427743,Top1 only,0,0,0
2024-07-01,2024-07,"Washington, D.C.|DC-4 7:50pm",1827,0025,0255,0.9235657849536243,0225,0.0395053246307111,0025,0.036928890415664724,0.8840604603229132,Top1 only,0,0,0
2024-07-06,2024-07,Delaware|Play 4 Night,1122,0225,0225,0.9172778441071125,0255,0.04519870373528911,0025,0.0375234521575985,0.8720791403718234,Top1 only,1,1,1
2024-07-07,2024-07,Indiana|Daily 4 Midday,8281,0255,0255,0.9498456790123456,0225,0.02590388007054674,0025,0.024250440917107586,0.9239417989417988,Top1 only,1,1,1
2024-07-08,2024-07,Georgia|Cash 4 Evening,0371,0025,0025,0.9150546677880572,0255,0.04541631623212784,0225,0.03952901597981497,0.8696383515559294,Top1 only,1,1,1
2024-07-10,2024-07,North Carolina|Pick 4 Daytime,6407,0255,0025,0.8405215967665605,0225,0.10211299131524755,0255,0.05736541191819193,0.7384086054513129,Top1 only,0,0,0
2024-07-24,2024-07,Atlantic Canada|Lotto 4,8762,0225,0255,0.923676787788286,0225,0.03899120623859299,0025,0.03733200597312095,0.884685581549693,Top1 only,0,1,0
2024-07-25,2024-07,Michigan|Daily 4 Midday,9781,0255,0255,0.9233684904416611,0225,0.039551746868820035,0025,0.037079762689518785,0.8838167435728411,Top1 only,1,1,1
2024-07-25,2024-07,New Jersey|Pick 4 Midday,2327,0025,0025,0.5020918128109594,0255,0.35717402121747094,0225,0.14073416597156965,0.14491779159348844,Top1 only,1,1,1
2024-07-30,2024-07,South Carolina|Pick 4 Midday,6011,0225,0025,0.3751094434021263,0225,0.33452157598499066,0255,0.290368980612883,0.04058786741713566,Top1 + Top2,0,1,1
2024-07-31,2024-07,New Jersey|Pick 4 Evening,5117,0255,0255,0.7998742725927348,0225,0.16297502477441106,0025,0.037150702632854145,0.6368992478183237,Top1 only,1,1,1
2024-08-06,2024-08,Maryland|Pick 4 Midday,1340,0225,0255,0.6011904761904763,0025,0.3732247284878864,0225,0.02558479532163743,0.22796574770258987,Top1 only,0,0,0
2024-08-12,2024-08,Puerto Rico|Pega 4 Noche,1388,0255,0025,0.9147138530208833,0255,0.04543280726924917,0225,0.039853339709867694,0.8692810457516341,Top1 only,0,1,0
2024-08-15,2024-08,Georgia|Cash 4 Evening,0920,0225,0025,0.5951350237064523,0255,0.37909709338280767,0225,0.025767882910740055,0.21603793032364466,Top1 only,0,0,0
2024-08-16,2024-08,New Mexico|Pick 4 Day,5602,0255,0025,0.5949820788530465,0255,0.2043010752688172,0225,0.2007168458781362,0.39068100358422936,Top1 only,0,1,0
2024-08-19,2024-08,Florida|Pick 4 Midday,6908,0225,0255,0.821542278859352,0025,0.1385890532231996,0225,0.03986866791744841,0.6829532256361525,Top1 only,0,0,0
2024-08-20,2024-08,Illinois|Pick 4 Midday,4120,0225,0025,0.38639821081542153,0225,0.3247909344854776,0255,0.288810854699101,0.06160727632994395,Top1 + Top2,0,1,1
2024-08-25,2024-08,Connecticut|Play 4 Day,6987,0025,0255,0.724030985994555,0025,0.2350613264475568,0225,0.040907687557888234,0.4889696595469981,Top1 only,0,1,0
2024-08-26,2024-08,Connecticut|Play 4 Day,0025,0225,0025,0.8679045622441849,0255,0.10564041130078866,0225,0.02645502645502645,0.7622641509433963,Top1 only,0,0,0
2024-08-27,2024-08,Georgia|Cash 4 Night,7489,0025,0025,0.9138719512195121,0255,0.04496951219512195,0225,0.04115853658536585,0.8689024390243902,Top1 only,1,1,1
2024-08-28,2024-08,Connecticut|Play 4 Night,4698,0225,0025,0.5667231627504069,0225,0.3885866387948135,0255,0.04469019845477958,0.17813652395559343,Top1 only,0,1,0
2024-08-31,2024-08,Illinois|Pick 4 Evening,7989,0255,0255,0.9224631135200241,0225,0.04140319180969587,0025,0.03613369467028003,0.8810599217103282,Top1 only,1,1,1
2024-09-05,2024-09,Wisconsin|Pick 4 Evening,9598,0025,0255,0.502718413147861,0025,0.4705019588455171,0225,0.02677962800662187,0.03221645430234393,Top1 only,0,1,0
2024-09-10,2024-09,Virginia|Pick 4 Day,1637,0025,0225,0.9189470553242118,0255,0.044616299821534804,0025,0.03643664485425342,0.874330755502677,Top1 only,0,0,0
2024-09-13,2024-09,Oregon|Pick 4 4pm,7931,0025,0255,0.9223946784922396,0225,0.04065040650406504,0025,0.03695491500369549,0.8817442719881745,Top1 only,0,0,0
2024-09-18,2024-09,Kentucky|Pick 4 Evening,7481,0025,0255,0.9221275345283573,0225,0.04040552453717308,0025,0.03746694093446958,0.8817220099911842,Top1 only,0,0,0
2024-09-22,2024-09,Idaho|Pick 4 Day,9742,0255,0225,0.9182123557762523,0255,0.04381480940557908,0025,0.03797283481816854,0.8743975463706732,Top1 only,0,1,0
2024-09-24,2024-09,"Tri-State (ME, NH & VT)|Pick 4 Day",1909,0225,0025,0.8721340388007054,0255,0.06723985890652556,0225,0.060626102292768956,0.8048941798941798,Top1 only,0,0,0
2024-10-04,2024-10,Georgia|Cash 4 Evening,5229,0255,0225,0.6364575838562772,0025,0.319524520343463,0255,0.044017895800259776,0.31693306351281414,Top1 only,0,0,0
2024-10-08,2024-10,Pennsylvania|Pick 4 Day,8122,0025,0025,0.7135012120912284,0225,0.2420224607925593,0255,0.04447632711621234,0.4714787512986691,Top1 only,1,1,1
2024-10-10,2024-10,Delaware|Play 4 Day,0288,0025,0225,0.5338396805020681,0255,0.4283625730994153,0025,0.037797746398516616,0.10547710740265281,Top1 only,0,0,0
2024-10-10,2024-10,Kentucky|Pick 4 Midday,7355,0255,0225,0.4762029894075617,0255,0.324276892467669,0025,0.19952011812476933,0.15192609693989273,Top1 + Top2,0,1,1
2024-10-14,2024-10,Arkansas|Cash 4 Evening,4426,0025,0255,0.9495366547389668,0225,0.02569043031470777,0025,0.024772914946325348,0.923846224424259,Top1 only,0,0,0
2024-10-15,2024-10,Louisiana|Pick 4,4211,0025,0255,0.5188721819934768,0025,0.44187914965777075,0225,0.03924866834875246,0.07699303233570609,Top1 only,0,1,0
2024-10-19,2024-10,New Jersey|Pick 4 Midday,4722,0255,0025,0.6252361483152403,0255,0.2976737628647963,0225,0.07709008881996335,0.327562385450444,Top1 only,0,1,0
2024-10-22,2024-10,Pennsylvania|Pick 4 Evening,1225,0025,0025,0.5016870722066905,0255,0.45951026703942927,0225,0.03880266075388026,0.042176805167261244,Top1 only,1,1,1
2024-10-26,2024-10,Georgia|Cash 4 Midday,2210,0255,0255,0.3615819209039548,0025,0.3220338983050847,0225,0.3163841807909605,0.03954802259887008,Top1 + Top2,1,1,1
2024-10-28,2024-10,Ohio|Pick 4 Evening,8346,0025,0025,0.5968432316746923,0255,0.3781879793115748,0225,0.02496878901373283,0.21865525236311756,Top1 only,1,1,1
2024-11-01,2024-11,Florida|Pick 4 Evening,3168,0025,0255,0.36312849162011174,0025,0.3240223463687151,0225,0.3128491620111732,0.03910614525139666,Top1 + Top2,0,1,1
2024-11-03,2024-11,Idaho|Pick 4 Day,5909,0225,0225,0.6682700016033349,0255,0.3057158890492224,0025,0.026014109347442683,0.3625541125541125,Top1 only,1,1,1
2024-11-09,2024-11,New York|Win 4 Midday,9900,0225,0025,0.5346522767086034,0225,0.42155308645000056,0255,0.043794636841396034,0.11309919025860282,Top1 only,0,1,0
2024-11-12,2024-11,Puerto Rico|Pega 4 Noche,9717,0025,0025,0.5565156293444417,0255,0.404620795206617,0225,0.0388635754489413,0.15189483413782467,Top1 only,1,1,1
2024-11-18,2024-11,Illinois|Pick 4 Evening,5647,0255,0255,0.921364787418366,0025,0.03998400639744103,0225,0.038651206184192995,0.881380781020925,Top1 only,1,1,1
2024-11-19,2024-11,Mississippi|Cash 4 Evening,9806,0025,0225,0.9456521739130435,0255,0.02846790890269151,0025,0.02587991718426501,0.917184265010352,Top1 only,0,0,0
2024-11-25,2024-11,South Carolina|Pick 4 Midday,1130,0225,0225,0.5353933954000776,0025,0.3609593556135489,0255,0.10364724898637363,0.17443403978652866,Top1 only,1,1,1
2024-11-27,2024-11,Pennsylvania|Pick 4 Day,3104,0225,0225,0.518954438309277,0025,0.4528837593353723,0255,0.028161802355350745,0.06607067897390473,Top1 only,1,1,1
2024-12-03,2024-12,Tennessee|Cash 4 Morning,8947,0225,0025,0.3750954927425516,0255,0.329086473298997,0225,0.29581803395845147,0.04600901944355462,Top1 + Top2,0,0,0
2024-12-06,2024-12,New Jersey|Pick 4 Midday,3685,0025,0025,0.5643068969582881,0255,0.3333003603052703,0225,0.10239274273644158,0.23100653665301774,Top1 only,1,1,1
2024-12-07,2024-12,Virginia|Pick 4 Night,8200,0225,0255,0.673910469919339,0225,0.28608436812427956,0025,0.040005161956381464,0.38782610179505944,Top1 only,0,1,0
2024-12-16,2024-12,Maryland|Pick 4 Midday,2617,0025,0255,0.4880925256865107,0225,0.4860093957838318,0025,0.02589807852965748,0.002083129902678893,Top1 only,0,0,0
2024-12-18,2024-12,Iowa|Pick 4 Evening,7210,0025,0255,0.7259304127119017,0225,0.23384483949088214,0025,0.04022474779721619,0.4920855732210196,Top1 only,0,0,0
2025-01-03,2025-01,New York|Win 4 Evening,6697,0225,0255,0.7181192178301093,0225,0.24123037566582567,0025,0.04065040650406504,0.4768888421642837,Top1 only,0,1,0
2025-01-03,2025-01,South Carolina|Pick 4 Evening,3269,0225,0225,0.917856691520283,0255,0.04170352584354858,0025,0.04043978263616833,0.8761531656767345,Top1 only,1,1,1
2025-01-15,2025-01,Ontario|Pick 4 Midday,5304,0225,0255,0.7391163574112791,0225,0.2206523124403677,0025,0.04023133014835303,0.5184640449709115,Top1 only,0,1,0
2025-01-15,2025-01,Pennsylvania|Pick 4 Day,3857,0225,0225,0.7770784159454497,0025,0.18164578668119194,0255,0.041275797373358354,0.5954326292642578,Top1 only,1,1,1
2025-01-17,2025-01,Puerto Rico|Pega 4 Noche,7699,0025,0025,0.7255055430773532,0255,0.2334292503522137,0225,0.04106520657043304,0.4920762927251394,Top1 only,1,1,1
2025-01-18,2025-01,"Tri-State (ME, NH & VT)|Pick 4 Evening",2639,0225,0225,0.8768565519834556,0255,0.06204173716864072,0025,0.06110171084790374,0.8148148148148149,Top1 only,1,1,1
2025-01-21,2025-01,Florida|Pick 4 Evening,9193,0025,0025,0.9180832717418084,0225,0.04126632175412664,0255,0.04065040650406504,0.8768169499876818,Top1 only,1,1,1
2025-01-27,2025-01,Ontario|Pick 4 Midday,7551,0255,0255,0.5345861394396754,0225,0.4249677274557775,0025,0.04044613310454712,0.10961841198389788,Top1 only,1,1,1
2025-01-28,2025-01,Texas|Daily 4 Morning,4797,0255,0225,0.505703012912482,0025,0.4534433285509326,0255,0.04085365853658536,0.052259684361549374,Top1 only,0,0,0
2025-01-30,2025-01,Maryland|Pick 4 Evening,0637,0225,0255,0.7534147173685333,0225,0.22052510731756012,0025,0.02606017531390666,0.5328896100509731,Top1 only,0,1,0
2025-01-30,2025-01,Ontario|Pick 4 Midday,3238,0025,0255,0.62493303929873,0225,0.33522151274184,0025,0.0398454479594301,0.28971152655689003,Top1 only,0,0,0
2025-01-30,2025-01,Texas|Daily 4 Night,2814,0025,0025,0.8759350483488414,0225,0.06203247582557927,0255,0.06203247582557927,0.8139025725232621,Top1 only,1,1,1
2025-02-08,2025-02,Texas|Daily 4 Evening,4114,0225,0025,0.716072545340838,0225,0.14196372732958099,0255,0.14196372732958099,0.574108818011257,Top1 only,0,1,0
2025-02-13,2025-02,"Washington, D.C.|DC-4 11:30pm",6101,0255,0025,0.5977545489740611,0225,0.3759194734804491,0255,0.02632597754548974,0.22183507549361203,Top1 only,0,0,0
2025-02-22,2025-02,Missouri|Pick 4 Midday,1556,0225,0255,0.6883754849858125,0225,0.25800653638269866,0025,0.05361797863148888,0.4303689486031138,Top1 only,0,1,0
2025-02-28,2025-02,Michigan|Daily 4 Evening,9670,0255,0225,0.9192883233180159,0255,0.04065040650406504,0025,0.040061270177919175,0.8786379168139509,Top1 only,0,1,0
2025-03-11,2025-03,Georgia|Cash 4 Night,8261,0255,0025,0.9179174484052534,0225,0.041041275797373364,0255,0.041041275797373364,0.87687617260788,Top1 only,0,0,0
2025-03-11,2025-03,Oregon|Pick 4 10pm,6431,0225,0255,0.5824963018801272,0025,0.3339429054448311,0225,0.08356079267504174,0.24855339643529617,Top1 only,0,0,0
2025-03-14,2025-03,Maryland|Pick 4 Midday,2320,0025,0255,0.5475253830879321,0225,0.36341838072758614,0025,0.08905623618448168,0.18410700236034594,Top1 only,0,0,0
2025-03-21,2025-03,Georgia|Cash 4 Night,5361,0225,0255,0.7000879583817972,0025,0.27320625661857895,0225,0.026705784999623863,0.4268817017632182,Top1 only,0,0,0
2025-03-29,2025-03,South Carolina|Pick 4 Evening,8915,0025,0225,0.5983827493261455,0255,0.37578616352201255,0025,0.025831087151841865,0.222596585804133,Top1 only,0,0,0
2025-03-31,2025-03,Illinois|Pick 4 Evening,2773,0025,0255,0.91869918699187,0225,0.041222947440742015,0025,0.04007786556738808,0.877476239551128,Top1 only,0,0,0
2025-03-31,2025-03,Kentucky|Pick 4 Midday,7994,0255,0225,0.5578750839551029,0255,0.4016644647114117,0025,0.040460451333485296,0.15621061924369117,Top1 only,0,1,0
2025-04-01,2025-04,Arkansas|Cash 4 Midday,6649,0255,0255,0.9188882586500284,0225,0.04083947816222348,0025,0.04027226318774816,0.878048780487805,Top1 only,1,1,1
2025-04-02,2025-04,Québec|Quotidienne 4,2733,0225,0025,0.9181345980126469,0255,0.04121499548328817,0225,0.04065040650406504,0.8769196025293586,Top1 only,0,0,0
2025-04-04,2025-04,"Washington, D.C.|DC-4 1:50pm",7057,0025,0225,0.33640552995391704,0255,0.33640552995391704,0025,0.3271889400921659,0.0,Skip member play,0,0,0
2025-04-05,2025-04,Kentucky|Pick 4 Evening,5954,0025,0255,0.8390630403384934,0025,0.12010008340283572,0225,0.04083687625867084,0.7189629569356577,Top1 only,0,1,0
2025-04-06,2025-04,Ohio|Pick 4 Evening,6227,0255,0025,0.91869918699187,0225,0.04065040650406504,0255,0.04065040650406504,0.878048780487805,Top1 only,0,0,0
2025-04-09,2025-04,Oregon|Pick 4 10pm,6374,0255,0025,0.5791774891774891,0225,0.2112698412698413,0255,0.20955266955266955,0.36790764790764785,Top1 only,0,0,0
2025-04-12,2025-04,Oregon|Pick 4 4pm,0756,0025,0025,0.6872658414605102,0255,0.27245162901736203,0225,0.040282529522127804,0.41481421244314814,Top1 only,1,1,1
2025-04-15,2025-04,North Carolina|Pick 4 Daytime,7650,0255,0025,0.6013516517718198,0255,0.2741114463803539,0225,0.12453690184782629,0.3272402053914659,Top1 only,0,1,0
2025-04-15,2025-04,South Carolina|Pick 4 Midday,2983,0025,0025,0.5046824319599514,0255,0.28626396974842355,0225,0.2090535982916251,0.2184184622115279,Top1 only,1,1,1
2025-04-18,2025-04,New Jersey|Pick 4 Midday,3533,0255,0025,0.45458868097159905,0255,0.4488162083573559,0225,0.09659511067104505,0.005772472614243129,Top1 + Top2,0,1,1
2025-04-28,2025-04,New Jersey|Pick 4 Midday,2485,0225,0255,0.41263433323988413,0025,0.3903560414914495,0225,0.1970096252686664,0.022278291748434653,Top1 + Top2,0,0,0
2025-04-29,2025-04,Québec|Quotidienne 4,3249,0255,0025,0.5111864536643297,0225,0.4617732316847362,0255,0.02704031465093412,0.04941322197959347,Top1 only,0,0,0
2025-05-01,2025-05,Missouri|Pick 4 Midday,3225,0025,0225,0.6425944843313249,0255,0.21882421993396087,0025,0.13858129573471425,0.4237702643973641,Top1 only,0,0,0
2025-05-06,2025-05,Wisconsin|Pick 4 Midday,0110,0255,0225,0.9176294394522893,0255,0.041720154043645694,0025,0.04065040650406503,0.8759092854086435,Top1 only,0,1,0
2025-05-08,2025-05,Georgia|Cash 4 Midday,4957,0255,0255,0.9201192885291299,0025,0.04047289381190756,0225,0.03940781765896262,0.8796463947172224,Top1 only,1,1,1
2025-05-12,2025-05,Texas|Daily 4 Evening,8226,0225,0025,0.5916298798983944,0225,0.30469308737576767,0255,0.1036770327258379,0.28693679252262677,Top1 only,0,1,0
2025-05-13,2025-05,Delaware|Play 4 Night,3513,0255,0225,0.9176433322774785,0255,0.04223418857565198,0025,0.04012247914686939,0.8754091437018265,Top1 only,0,1,0
2025-05-20,2025-05,Pennsylvania|Pick 4 Evening,5996,0025,0025,0.6493416014963032,0255,0.3112345128855303,0225,0.03942388561816653,0.3381070886107729,Top1 only,1,1,1
2025-05-21,2025-05,Texas|Daily 4 Evening,6370,0025,0225,0.4585968212132442,0255,0.41084802604222753,0025,0.13055515274452822,0.047748795171016656,Top1 + Top2,0,0,0
2025-05-25,2025-05,New York|Win 4 Evening,7971,0025,0025,0.3756613756613757,0225,0.36533900327003777,0255,0.2589996210685866,0.01032237239133793,Top1 + Top2,1,1,1
2025-05-28,2025-05,New Jersey|Pick 4 Evening,7820,0255,0255,0.6421395317580912,0225,0.3168641008314262,0025,0.04099636741048262,0.32527543092666505,Top1 only,1,1,1
2025-05-31,2025-05,New York|Win 4 Midday,8480,0025,0225,0.6002985088975841,0025,0.3573286097464837,0255,0.04237288135593221,0.24296989915110034,Top1 only,0,1,0
2025-06-02,2025-06,Iowa|Pick 4 Evening,2954,0255,0255,0.5407706874257577,0025,0.2682943061511437,0225,0.19093500642309869,0.27247638127461404,Top1 only,1,1,1
2025-06-13,2025-06,Massachusetts|Numbers Game Midday,1389,0025,0025,0.919040787046526,0255,0.04252920680467309,0225,0.03843000614880099,0.8765115802418529,Top1 only,1,1,1
2025-06-17,2025-06,New Mexico|Pick 4 Evening,0971,0255,0225,0.9163179916317991,0255,0.042351260332687005,0025,0.04133074803551382,0.8739667312991121,Top1 only,0,1,0
2025-06-17,2025-06,North Carolina|Pick 4 Daytime,2084,0025,0255,0.5290207225380524,0025,0.30083211076471666,0225,0.17014716669723093,0.22818861177333577,Top1 only,0,1,0
2025-06-18,2025-06,Oregon|Pick 4 4pm,3891,0025,0025,0.8721671084467608,0255,0.10313421540228092,0225,0.024698676150958315,0.7690328930444799,Top1 only,1,1,1
2025-06-18,2025-06,Tennessee|Cash 4 Morning,8848,0025,0225,0.627254120602236,0255,0.33091963468903607,0025,0.04182624470872809,0.2963344859131999,Top1 only,0,0,0
2025-06-22,2025-06,Tennessee|Cash 4 Evening,7013,0225,0025,0.8788294467306813,0255,0.06401463191586648,0225,0.05715592135345221,0.8148148148148149,Top1 only,0,0,0
2025-06-30,2025-06,Rhode Island|Numbers Game Midday,1810,0225,0025,0.9200319872051179,0255,0.041983206717313065,0225,0.03798480607756897,0.8780487804878049,Top1 only,0,0,0
2025-07-10,2025-07,Missouri|Pick 4 Midday,2164,0225,0225,0.5152164908262469,0255,0.31812090348675715,0025,0.16666260568699595,0.19709558733948973,Top1 only,1,1,1
2025-07-10,2025-07,Virginia|Pick 4 Night,8715,0255,0225,0.6288313942715598,0255,0.3295267258950078,0025,0.041641879833432476,0.29930466837655195,Top1 only,0,1,0
2025-07-11,2025-07,Georgia|Cash 4 Midday,3838,0255,0255,0.9200157993482769,0025,0.04147328922681939,0225,0.038510911424903725,0.8785425101214576,Top1 only,1,1,1
2025-07-11,2025-07,Illinois|Pick 4 Midday,9658,0025,0255,0.5303580871798746,0225,0.3753128855984488,0025,0.09432902722167662,0.15504520158142587,Top1 only,0,0,0
2025-07-14,2025-07,Puerto Rico|Pega 4 Noche,0582,0025,0025,0.7740511122419481,0255,0.18774730092290648,0225,0.03820158683514546,0.5863038113190416,Top1 only,1,1,1
2025-07-15,2025-07,Mississippi|Cash 4 Midday,1105,0255,0025,0.344,0255,0.344,0225,0.312,0.0,Skip member play,0,1,0
2025-07-16,2025-07,Ontario|Pick 4 Evening,7737,0255,0255,0.3466135458167331,0025,0.3426294820717131,0225,0.3107569721115538,0.003984063745019972,Skip member play,1,1,0
2025-07-20,2025-07,Connecticut|Play 4 Day,1884,0025,0025,0.5260589798016205,0225,0.30591933998157733,0255,0.16802168021680225,0.2201396398200432,Top1 only,1,1,1
2025-07-21,2025-07,Maryland|Pick 4 Midday,2045,0255,0025,0.5286802275137377,0225,0.3620938976188181,0255,0.10922587486744435,0.16658632989491956,Top1 only,0,0,0
2025-07-22,2025-07,Tennessee|Cash 4 Morning,6608,0025,0025,0.5841826589858085,0225,0.2667961959300542,0255,0.14902114508413722,0.31738646305575424,Top1 only,1,1,1
2025-07-28,2025-07,Texas|Daily 4 Day,9125,0225,0255,0.9206121472979436,0025,0.04208512673362028,0225,0.03730272596843616,0.8785270205643233,Top1 only,0,0,0
2025-08-11,2025-08,Oregon|Pick 4 10pm,5114,0255,0225,0.46411422038327527,0255,0.45633438588850167,0025,0.079551393728223,0.0077798344947735965,Top1 + Top2,0,1,1
2025-08-22,2025-08,Tennessee|Cash 4 Evening,7617,0025,0225,0.5958248409610277,0025,0.3763819405842752,0255,0.027793218454697052,0.21944290037675251,Top1 only,0,1,0
2025-08-28,2025-08,Idaho|Pick 4 Night,0604,0025,0255,0.9205899035734544,0025,0.04206844394025336,0225,0.03734165248629231,0.878521459633201,Top1 only,0,1,0
2025-08-28,2025-08,Texas|Daily 4 Morning,3767,0255,0255,0.6277427253037008,0225,0.2306658515835863,0025,0.14159142311271294,0.39707687372011446,Top1 only,1,1,1
2025-08-30,2025-08,Oregon|Pick 4 10pm,3825,0025,0225,0.5165512613293292,0255,0.31871399560694597,0025,0.1647347430637248,0.1978372657223832,Top1 only,0,0,0
2025-09-01,2025-09,Rhode Island|Numbers Game Midday,3815,0025,0025,0.5658009871634766,0225,0.39167962212537494,0255,0.042519390711148485,0.17412136503810166,Top1 only,1,1,1
2025-09-01,2025-09,Virginia|Pick 4 Day,1792,0255,0025,0.5021096200392421,0225,0.4555332770004153,0255,0.04235710296034258,0.046576343038826795,Top1 only,0,0,0
2025-09-09,2025-09,Ohio|Pick 4 Evening,5918,0025,0025,0.7489497148944991,0255,0.22721058445971656,0225,0.0238397006457843,0.5217391304347826,Top1 only,1,1,1
2025-09-09,2025-09,Québec|Quotidienne 4,9400,0025,0225,0.41718545681960306,0255,0.2942464040025017,0025,0.28856813917789537,0.12293905281710138,Top1 + Top2,0,0,0
2025-09-15,2025-09,Kentucky|Pick 4 Midday,1447,0225,0225,0.47861571147351173,0255,0.47812612009574734,0025,0.0432581684307409,0.0004895913777643868,Top1 + Top2,1,1,1
2025-09-18,2025-09,Tennessee|Cash 4 Morning,1215,0025,0025,0.6514579130753714,0225,0.1809279295800477,0255,0.16761415734458096,0.4705299834953237,Top1 only,1,1,1
2025-09-19,2025-09,Puerto Rico|Pega 4 Día,6727,0225,0255,0.9479816895547233,0025,0.0282385113845788,0225,0.023779799060697937,0.9197431781701445,Top1 only,0,0,0
2025-09-21,2025-09,Kentucky|Pick 4 Evening,1294,0225,0025,0.5523104508593514,0255,0.41083115816867927,0225,0.03685839097196942,0.1414792926906721,Top1 only,0,0,0
2025-09-21,2025-09,Michigan|Daily 4 Midday,0869,0025,0255,0.5985720186463681,0025,0.20263173423024725,0225,0.19879624712338467,0.39594028441612084,Top1 only,0,1,0
2025-10-04,2025-10,New York|Win 4 Midday,3568,0225,0025,0.5503861825700906,0225,0.4225709014981046,0255,0.027042915931804825,0.12781528107198603,Top1 only,0,1,0
2025-10-04,2025-10,"Washington, D.C.|DC-4 1:50pm",3032,0225,0025,0.921249212492125,0255,0.041400414004140046,0225,0.03735037350373504,0.8798487984879849,Top1 only,0,0,0
2025-10-05,2025-10,North Carolina|Pick 4 Evening,0690,0025,0025,0.5775060819661905,0255,0.3848325120079846,0225,0.03766140602582497,0.1926735699582059,Top1 only,1,1,1
2025-10-09,2025-10,Massachusetts|Numbers Game Midday,8030,0225,0025,0.9213794335745555,0255,0.04109711426784598,0225,0.0375234521575985,0.8802823193067095,Top1 only,0,0,0
2025-10-12,2025-10,Florida|Pick 4 Evening,2007,0225,0025,0.9212212925048959,0255,0.04094712479971515,0225,0.037831582695389,0.8802741677051807,Top1 only,0,0,0
2025-10-15,2025-10,Texas|Daily 4 Night,5363,0025,0025,0.5994227994227994,0225,0.37402597402597404,0255,0.02655122655122655,0.22539682539682537,Top1 only,1,1,1
2025-10-21,2025-10,Louisiana|Pick 4,2877,0255,0025,0.5638838008933448,0255,0.3981169060702465,0225,0.03799929303640862,0.16576689482309825,Top1 only,0,1,0
2025-10-23,2025-10,Idaho|Pick 4 Night,9360,0225,0255,0.7194361507120157,0025,0.24270173781488386,0225,0.03786211147310029,0.47673441289713187,Top1 only,0,0,0
2025-10-26,2025-10,New York|Win 4 Evening,0254,0225,0255,0.4606221670471261,0225,0.46048083739514756,0025,0.07889699555772638,0.00014132965197855007,Top1 + Top2,0,1,1
2025-10-27,2025-10,Oregon|Pick 4 10pm,5161,0025,0255,0.5489944373127941,0225,0.2865562459574199,0025,0.16444931672978608,0.26243819135537416,Top1 only,0,0,0
2025-11-01,2025-11,Illinois|Pick 4 Midday,5473,0225,0225,0.46855187291930195,0025,0.3188531618851028,0255,0.2125949651955953,0.14969871103419913,Top1 + Top2,1,1,1
2025-11-06,2025-11,Mississippi|Cash 4 Midday,9536,0025,0255,0.9184098602551862,0025,0.042965020397534935,0225,0.038625119347278886,0.8754448398576513,Top1 only,0,1,0
2025-11-12,2025-11,Puerto Rico|Pega 4 Día,7108,0025,0255,0.5066930705228577,0225,0.4651632843122205,0025,0.02814364516492176,0.04152978621063724,Top1 only,0,0,0
2025-11-13,2025-11,"Washington, D.C.|DC-4 7:50pm",6461,0025,0255,0.8272919904780869,0025,0.13435585921595783,0225,0.03835215030595536,0.692936131262129,Top1 only,0,1,0
2025-11-22,2025-11,Mississippi|Cash 4 Evening,0241,0225,0225,0.5764587525150906,0025,0.3975519785378939,0255,0.025989268947015427,0.17890677397719668,Top1 only,1,1,1
2025-11-26,2025-11,"Tri-State (ME, NH & VT)|Pick 4 Day",4418,0225,0225,0.9165596919127085,0025,0.04364569961489088,0255,0.03979460847240051,0.8729139922978176,Top1 only,1,1,1
2025-11-29,2025-11,Iowa|Pick 4 Midday,4594,0025,0025,0.35664335664335667,0255,0.32517482517482516,0225,0.3181818181818182,0.03146853146853151,Skip member play,1,1,0
2025-12-02,2025-12,"Washington, D.C.|DC-4 7:50pm",7838,0225,0025,0.6571978053320698,0255,0.3041347348226001,0225,0.03866745984533016,0.3530630705094697,Top1 only,0,0,0
2025-12-04,2025-12,Mississippi|Cash 4 Midday,5600,0225,0255,0.6487721453707074,0025,0.31227121506289707,0225,0.03895663956639567,0.3365009303078103,Top1 only,0,0,0
2025-12-06,2025-12,Ohio|Pick 4 Evening,0071,0025,0025,0.6927486969655522,0255,0.268007484990731,0225,0.039243818043716766,0.4247412119748212,Top1 only,1,1,1
2025-12-09,2025-12,Québec|Quotidienne 4,9822,0225,0025,0.5337420982663664,0255,0.23737757399820944,0225,0.22888032773542422,0.29636452426815696,Top1 only,0,0,0
2025-12-09,2025-12,"Washington, D.C.|DC-4 7:50pm",6059,0025,0025,0.5952575761117734,0255,0.3627790635154405,0225,0.041963360372786,0.23247851259633295,Top1 only,1,1,1
2025-12-13,2025-12,Georgia|Cash 4 Midday,8063,0225,0255,0.9168894086201137,0025,0.043852322084864684,0225,0.03925826929502172,0.873037086535249,Top1 only,0,0,0
2025-12-15,2025-12,New Mexico|Pick 4 Evening,1666,0225,0225,0.8054979446025672,0255,0.15079939994084424,0025,0.0437026554565887,0.654698544661723,Top1 only,1,1,1
2025-12-15,2025-12,"Washington, D.C.|DC-4 1:50pm",4485,0025,0025,0.5216027874564458,0225,0.4398208063713292,0255,0.03857640617222499,0.08178198108511664,Top1 only,1,1,1
2025-12-17,2025-12,Wisconsin|Pick 4 Evening,4244,0255,0025,0.5227554586793942,0255,0.4375587207335864,0225,0.03968582058701943,0.08519673794580779,Top1 only,0,1,0
2025-12-23,2025-12,Atlantic Canada|Lotto 4,8359,0255,0225,0.7370089342066507,0255,0.2193193452923604,0025,0.04367172050098879,0.5176895889142903,Top1 only,0,1,0
2025-12-28,2025-12,Georgia|Cash 4 Midday,7787,0255,0255,0.8200943043079808,0225,0.13638101802100006,0025,0.04352467767101913,0.6837132862869808,Top1 only,1,1,1
2026-01-03,2026-01,Massachusetts|Numbers Game Evening,5360,0255,0255,0.9173350793910623,0025,0.04337862170568014,0225,0.03928629890325748,0.8739564576853821,Top1 only,1,1,1
2026-01-05,2026-01,Texas|Daily 4 Evening,1046,0255,0225,0.4492464573714745,0025,0.3552050291803624,0255,0.19554851344816307,0.09404142819111211,Top1 + Top2,0,0,0
2026-01-09,2026-01,Delaware|Play 4 Night,5048,0025,0225,0.6685687988955362,0255,0.2883417702101549,0025,0.043089430894308944,0.38022702868538133,Top1 only,0,0,0
2026-01-14,2026-01,Connecticut|Play 4 Night,8308,0025,0225,0.4883720930232558,0025,0.47192285876347134,0255,0.03970504821327283,0.01644923425978445,Top1 only,0,1,0
2026-01-15,2026-01,Ohio|Pick 4 Midday,8336,0255,0255,0.9176223550314974,0025,0.04361169439508965,0225,0.038765950573413026,0.8740106606364078,Top1 only,1,1,1
2026-01-17,2026-01,Oregon|Pick 4 10pm,7558,0255,0255,0.3789384552577895,0225,0.3350636853966726,0025,0.2859978593455379,0.043874769861116936,Top1 + Top2,1,1,1
2026-01-25,2026-01,New Jersey|Pick 4 Midday,4830,0225,0255,0.44272631940552176,0025,0.30440344247771617,0225,0.25287023811676224,0.1383228769278056,Top1 + Top2,0,0,0
2026-01-28,2026-01,Florida|Pick 4 Evening,5914,0025,0025,0.7805496585896028,0225,0.17946633501295622,0255,0.03998400639744103,0.6010833235766466,Top1 only,1,1,1
2026-01-29,2026-01,Atlantic Canada|Lotto 4,2277,0025,0255,0.5633054973083668,0225,0.3932543624078774,0025,0.04344014028375578,0.17005113490048934,Top1 only,0,0,0
2026-02-02,2026-02,Puerto Rico|Pega 4 Día,3423,0025,0255,0.7654167791699459,0225,0.18498220054499465,0025,0.049601020285059375,0.5804345786249512,Top1 only,0,0,0
2026-02-05,2026-02,"Washington, D.C.|DC-4 1:50pm",1408,0255,0025,0.7338454228698131,0225,0.22656002534051312,0255,0.039594551789673735,0.5072853975293,Top1 only,0,0,0
2026-02-06,2026-02,Puerto Rico|Pega 4 Día,1717,0025,0025,0.41325993874294936,0255,0.30375552044554355,0225,0.2829845408115071,0.10950441829740581,Top1 + Top2,1,1,1
2026-02-13,2026-02,Tennessee|Cash 4 Morning,4051,0225,0225,0.524163790024997,0255,0.26005469732116676,0025,0.21578151265383627,0.26410909270383026,Top1 only,1,1,1
2026-02-17,2026-02,Nebraska|Pick 4,2695,0255,0025,0.36012861736334406,0255,0.3247588424437299,0225,0.31511254019292606,0.03536977491961418,Top1 + Top2,0,1,1
