event_date,stream,seed,actual_member,Top1,Top1_score,Top2,Top2_score,Top3,Top3_score,Top1_minus_Top2,recommendation,top1_hit,top2_hit,member_play_hit
2023-01-31,Wisconsin|Pick 4 Evening,7611,0025,0025,0.3333333333333333,0225,0.3333333333333333,0255,0.3333333333333333,0.0,Skip member play,1,1,0
2023-02-10,Connecticut|Play 4 Day,6771,0025,0025,1.0,0225,0.0,0255,0.0,1.0,Top1 only,1,1,1
2023-02-15,Massachusetts|Numbers Game Midday,7174,0025,0025,1.0,0225,0.0,0255,0.0,1.0,Top1 only,1,1,1
2023-02-22,Tennessee|Cash 4 Midday,8150,0025,0025,1.0,0225,0.0,0255,0.0,1.0,Top1 only,1,1,1
2023-02-25,New Jersey|Pick 4 Midday,4994,0255,0025,1.0,0225,0.0,0255,0.0,1.0,Top1 only,0,0,0
2023-02-27,Wisconsin|Pick 4 Evening,2572,0255,0025,0.9756097560975611,0255,0.02439024390243903,0225,0.0,0.951219512195122,Top1 only,0,1,0
2023-02-28,Connecticut|Play 4 Day,7036,0255,0025,0.9593495934959348,0255,0.04065040650406503,0225,0.0,0.9186991869918698,Top1 only,0,1,0
2023-02-28,West Virginia|Daily 4,8870,0225,0025,0.5714285714285714,0255,0.42857142857142855,0225,0.0,0.14285714285714285,Top1 only,0,0,0
2023-03-06,Louisiana|Pick 4,4419,0255,0025,0.5,0255,0.375,0225,0.125,0.125,Top1 + Top2,0,1,1
2023-03-11,Illinois|Pick 4 Midday,4344,0025,0025,0.4444444444444444,0255,0.4444444444444444,0225,0.1111111111111111,0.0,Top1 + Top2,1,1,1
2023-03-11,New Mexico|Pick 4 Evening,9406,0225,0025,0.5,0255,0.4,0225,0.1,0.09999999999999998,Top1 + Top2,0,0,0
2023-03-14,New Jersey|Pick 4 Evening,4523,0255,0025,0.45454545454545453,0255,0.36363636363636365,0225,0.18181818181818182,0.09090909090909088,Top1 + Top2,0,1,1
2023-03-16,Indiana|Daily 4 Evening,1820,0025,0025,0.4166666666666667,0255,0.4166666666666667,0225,0.16666666666666666,0.0,Skip member play,1,1,0
2023-03-17,Rhode Island|Numbers Game Evening,3429,0225,0025,0.46153846153846156,0255,0.38461538461538464,0225,0.15384615384615385,0.07692307692307693,Top1 + Top2,0,0,0
2023-03-18,Missouri|Pick 4 Midday,0440,0025,0025,0.42857142857142855,0255,0.35714285714285715,0225,0.21428571428571427,0.0714285714285714,Top1 + Top2,1,1,1
2023-03-19,Ontario|Pick 4 Midday,0901,0255,0025,0.4666666666666667,0255,0.3333333333333333,0225,0.2,0.13333333333333336,Top1 + Top2,0,1,1
2023-03-24,Virginia|Pick 4 Night,3057,0225,0025,0.4375,0255,0.375,0225,0.1875,0.0625,Top1 + Top2,0,0,0
2023-03-26,Ohio|Pick 4 Midday,6205,0255,0025,0.4117647058823529,0255,0.35294117647058826,0225,0.23529411764705882,0.05882352941176466,Skip member play,0,1,0
2023-03-30,Texas|Daily 4 Evening,5884,0025,0025,0.3888888888888889,0255,0.3888888888888889,0225,0.2222222222222222,0.0,Skip member play,1,1,0
2023-04-07,North Carolina|Pick 4 Daytime,4067,0025,0025,0.42105263157894735,0255,0.3684210526315789,0225,0.21052631578947367,0.05263157894736842,Top1 + Top2,1,1,1
2023-04-07,Rhode Island|Numbers Game Evening,3133,0255,0225,0.9024390243902438,0025,0.0548780487804878,0255,0.04268292682926828,0.847560975609756,Top1 only,0,0,0
2023-04-07,West Virginia|Daily 4,7213,0225,0025,0.42857142857142855,0255,0.38095238095238093,0225,0.19047619047619047,0.047619047619047616,Top1 + Top2,0,0,0
2023-04-14,New Jersey|Pick 4 Evening,7666,0255,0025,0.4090909090909091,0255,0.36363636363636365,0225,0.22727272727272727,0.04545454545454547,Skip member play,0,1,0
2023-04-27,North Carolina|Pick 4 Daytime,2072,0225,0025,0.9257688229056205,0255,0.04772004241781549,0225,0.026511134676564158,0.878048780487805,Top1 only,0,0,0
2023-04-30,New Mexico|Pick 4 Day,8999,0025,0025,0.375,0255,0.375,0225,0.25,0.0,Skip member play,1,1,0
2023-05-02,Florida|Pick 4 Midday,8463,0255,0025,0.4,0255,0.36,0225,0.24,0.040000000000000036,Skip member play,0,1,0
2023-05-16,Oregon|Pick 4 7pm,7240,0225,0025,0.38461538461538464,0255,0.38461538461538464,0225,0.23076923076923078,0.0,Skip member play,0,0,0
2023-05-17,Idaho|Pick 4 Day,3653,0225,0025,0.37037037037037035,0255,0.37037037037037035,0225,0.25925925925925924,0.0,Skip member play,0,0,0
2023-05-18,New Jersey|Pick 4 Midday,1507,0255,0255,0.9216027874564461,0025,0.04355400696864112,0225,0.03484320557491289,0.878048780487805,Top1 only,1,1,1
2023-05-21,Oregon|Pick 4 10pm,6132,0255,0255,0.3793103448275862,0025,0.3448275862068966,0225,0.27586206896551724,0.03448275862068961,Skip member play,1,1,0
2023-05-28,Kentucky|Pick 4 Evening,0922,0255,0255,0.4,0025,0.3333333333333333,0225,0.26666666666666666,0.06666666666666671,Skip member play,1,1,0
2023-05-30,Georgia|Cash 4 Evening,7496,0025,0255,0.41935483870967744,0025,0.3225806451612903,0225,0.25806451612903225,0.09677419354838712,Skip member play,0,1,0
2023-06-01,Illinois|Pick 4 Evening,7484,0255,0255,0.40625,0025,0.34375,0225,0.25,0.0625,Skip member play,1,1,0
2023-06-12,Oregon|Pick 4 10pm,8789,0225,0255,0.9297856614929786,0025,0.04065040650406504,0225,0.029563932002956397,0.8891352549889135,Top1 only,0,0,0
2023-06-28,Missouri|Pick 4 Midday,6842,0255,0025,0.917503586800574,0255,0.05021520803443329,0225,0.03228120516499283,0.8672883787661407,Top1 only,0,1,0
2023-06-29,South Carolina|Pick 4 Midday,3833,0225,0255,0.42857142857142855,0025,0.3142857142857143,0225,0.2571428571428571,0.11428571428571427,Top1 + Top2,0,0,0
2023-07-02,Rhode Island|Numbers Game Midday,3623,0025,0255,0.4166666666666667,0025,0.3055555555555556,0225,0.2777777777777778,0.1111111111111111,Skip member play,0,1,0
2023-07-17,Atlantic Canada|Lotto 4,0117,0255,0255,0.40540540540540543,0025,0.32432432432432434,0225,0.2702702702702703,0.08108108108108109,Skip member play,1,1,0
2023-07-18,Wisconsin|Pick 4 Midday,4333,0225,0255,0.42105263157894735,0025,0.3157894736842105,0225,0.2631578947368421,0.10526315789473684,Top1 + Top2,0,0,0
2023-07-22,Indiana|Daily 4 Midday,2677,0255,0255,0.41025641025641024,0025,0.3076923076923077,0225,0.28205128205128205,0.10256410256410253,Skip member play,1,1,0
2023-07-23,Illinois|Pick 4 Midday,4070,0025,0025,0.9146341463414634,0255,0.05182926829268293,0225,0.03353658536585367,0.8628048780487805,Top1 only,1,1,1
2023-07-24,Illinois|Pick 4 Midday,5002,0025,0025,0.9167162403331349,0255,0.05056513979773943,0225,0.03271861986912552,0.8661511005353955,Top1 only,1,1,1
2023-07-31,Delaware|Play 4 Night,8584,0225,0025,0.8765432098765432,0255,0.07495590828924162,0225,0.048500881834215165,0.8015873015873016,Top1 only,0,0,0
2023-07-31,Tennessee|Cash 4 Morning,8159,0255,0255,0.3953488372093023,0025,0.32558139534883723,0225,0.27906976744186046,0.06976744186046507,Skip member play,1,1,0
2023-08-02,Pennsylvania|Pick 4 Evening,0024,0255,0255,0.4090909090909091,0025,0.3181818181818182,0225,0.2727272727272727,0.09090909090909094,Skip member play,1,1,0
2023-08-05,New Jersey|Pick 4 Evening,3755,0255,0255,0.9295392953929539,0025,0.037940379403794036,0225,0.03252032520325203,0.8915989159891599,Top1 only,1,1,1
2023-08-08,Texas|Daily 4 Day,6434,0255,0255,0.43478260869565216,0025,0.30434782608695654,0225,0.2608695652173913,0.13043478260869562,Top1 + Top2,1,1,1
2023-08-09,Michigan|Daily 4 Evening,6921,0225,0255,0.44680851063829785,0025,0.2978723404255319,0225,0.2553191489361702,0.14893617021276595,Top1 + Top2,0,0,0
2023-08-09,Rhode Island|Numbers Game Evening,5548,0225,0255,0.5209789862556605,0225,0.4434519080532825,0025,0.03556910569105691,0.07752707820237803,Top1 + Top2,0,1,1
2023-08-26,Oregon|Pick 4 10pm,6087,0025,0255,0.7799714235580177,0225,0.1851853708670694,0025,0.03484320557491288,0.5947860526909483,Top1 only,0,0,0
2023-08-26,South Carolina|Pick 4 Midday,3746,0025,0225,0.9121951219512194,0255,0.05121951219512194,0025,0.03658536585365853,0.8609756097560974,Top1 only,0,0,0
2023-08-27,North Carolina|Pick 4 Evening,1276,0255,0255,0.4117647058823529,0025,0.3137254901960784,0225,0.27450980392156865,0.0980392156862745,Skip member play,1,1,0
2023-08-29,Texas|Daily 4 Morning,2722,0025,0255,0.4230769230769231,0025,0.3076923076923077,0225,0.2692307692307692,0.11538461538461536,Top1 + Top2,0,1,1
2023-08-30,Iowa|Pick 4 Evening,6274,0255,0255,0.41509433962264153,0025,0.32075471698113206,0225,0.2641509433962264,0.09433962264150947,Skip member play,1,1,0
2023-09-03,New York|Win 4 Midday,7939,0025,0255,0.42592592592592593,0025,0.3148148148148148,0225,0.25925925925925924,0.1111111111111111,Top1 + Top2,0,1,1
2023-09-08,Kentucky|Pick 4 Evening,6630,0255,0255,0.9290465631929047,0025,0.039911308203991136,0225,0.03104212860310421,0.8891352549889135,Top1 only,1,1,1
2023-09-12,New York|Win 4 Midday,3417,0225,0025,0.917247386759582,0255,0.05226480836236934,0225,0.030487804878048783,0.8649825783972126,Top1 only,0,0,0
2023-09-13,West Virginia|Daily 4,0794,0025,0225,0.9101412066752246,0255,0.05134788189987162,0025,0.03851091142490372,0.858793324775353,Top1 only,0,0,0
2023-09-21,Maryland|Pick 4 Evening,4446,0225,0255,0.41379310344827586,0025,0.3275862068965517,0225,0.25862068965517243,0.08620689655172414,Skip member play,0,0,0
2023-09-25,Pennsylvania|Pick 4 Day,5283,0225,0255,0.4067796610169492,0025,0.3220338983050847,0225,0.2711864406779661,0.08474576271186446,Skip member play,0,0,0
2023-09-26,South Carolina|Pick 4 Midday,8585,0025,0225,0.49395389523515487,0025,0.45726561695996704,0255,0.04878048780487806,0.036688278275187836,Top1 + Top2,0,1,1
2023-10-09,Tennessee|Cash 4 Midday,6836,0255,0255,0.39344262295081966,0025,0.32786885245901637,0225,0.2786885245901639,0.0655737704918033,Skip member play,1,1,0
2023-10-10,Kentucky|Pick 4 Midday,1756,0255,0255,0.4032258064516129,0025,0.3225806451612903,0225,0.27419354838709675,0.08064516129032256,Skip member play,1,1,0
2023-10-11,Texas|Daily 4 Evening,8709,0255,0025,0.9167634533488193,0255,0.05032907471931862,0225,0.03290747193186218,0.8664343786295007,Top1 only,0,1,0
2023-10-14,Pennsylvania|Pick 4 Evening,9091,0025,0255,0.9294969512195123,0025,0.03810975609756098,0225,0.03239329268292683,0.8913871951219513,Top1 only,0,1,0
2023-10-17,Ontario|Pick 4 Midday,4246,0255,0255,0.9287054409005628,0025,0.03939962476547842,0225,0.03189493433395872,0.8893058161350844,Top1 only,1,1,1
2023-10-21,Arkansas|Cash 4 Evening,8131,0255,0255,0.42424242424242425,0025,0.3181818181818182,0225,0.25757575757575757,0.10606060606060608,Top1 + Top2,1,1,1
2023-10-22,Connecticut|Play 4 Night,2697,0225,0255,0.43283582089552236,0025,0.31343283582089554,0225,0.2537313432835821,0.11940298507462682,Top1 + Top2,0,0,0
2023-10-24,Missouri|Pick 4 Evening,2898,0225,0255,0.4264705882352941,0025,0.3088235294117647,0225,0.2647058823529412,0.11764705882352938,Top1 + Top2,0,0,0
2023-11-02,Puerto Rico|Pega 4 Noche,9069,0025,0255,0.42028985507246375,0025,0.30434782608695654,0225,0.2753623188405797,0.1159420289855072,Top1 + Top2,0,1,1
2023-11-05,Mississippi|Cash 4 Evening,0607,0225,0255,0.4142857142857143,0025,0.3142857142857143,0225,0.2714285714285714,0.10000000000000003,Skip member play,0,0,0
2023-11-06,West Virginia|Daily 4,1837,0225,0025,0.5141571004778281,0225,0.43603183803127527,0255,0.049811061490896605,0.07812526244655288,Top1 + Top2,0,1,1
2023-11-09,South Carolina|Pick 4 Midday,9435,0255,0025,0.7048853358821242,0225,0.24599542292546384,0255,0.04911924119241192,0.4588899129566604,Top1 only,0,0,0
2023-11-10,Michigan|Daily 4 Midday,9589,0255,0255,0.410958904109589,0025,0.3013698630136986,0225,0.2876712328767123,0.1095890410958904,Skip member play,1,1,0
2023-11-12,New York|Win 4 Midday,4253,0225,0225,0.5939510939510939,0255,0.3824538824538825,0025,0.023595023595023596,0.2114972114972114,Top1 only,1,1,1
2023-11-22,Ohio|Pick 4 Evening,0663,0025,0255,0.8913580246913579,0025,0.05432098765432099,0225,0.05432098765432099,0.8370370370370369,Top1 only,0,1,0
2023-11-24,New Jersey|Pick 4 Midday,1213,0025,0255,0.9277920410783054,0025,0.03690629011553273,0225,0.03530166880616174,0.8908857509627727,Top1 only,0,1,0
2023-11-27,South Carolina|Pick 4 Evening,2989,0225,0255,0.4025974025974026,0025,0.3116883116883117,0225,0.2857142857142857,0.09090909090909094,Skip member play,0,0,0
2023-11-28,Massachusetts|Numbers Game Evening,5288,0255,0255,0.3974358974358974,0025,0.3076923076923077,0225,0.2948717948717949,0.0897435897435897,Skip member play,1,1,0
2023-12-05,Oregon|Pick 4 7pm,8412,0025,0225,0.913553565915406,0255,0.049397962334053726,0025,0.037048471750540296,0.8641556035813523,Top1 only,0,0,0
2023-12-11,Kentucky|Pick 4 Midday,5275,0225,0255,0.9268292682926829,0025,0.03810975609756097,0225,0.03506097560975609,0.8887195121951219,Top1 only,0,0,0
2023-12-24,Iowa|Pick 4 Evening,0599,0225,0255,0.3950617283950617,0025,0.30864197530864196,0225,0.2962962962962963,0.08641975308641975,Skip member play,0,0,0
2023-12-25,Ontario|Pick 4 Midday,7027,0225,0255,0.9256395002974419,0025,0.037180249851279,0225,0.037180249851279,0.8884592504461629,Top1 only,0,0,0
2024-01-05,Puerto Rico|Pega 4 Día,2881,0255,0255,0.3855421686746988,0225,0.3132530120481928,0025,0.30120481927710846,0.07228915662650603,Skip member play,1,1,0
2024-01-05,Texas|Daily 4 Evening,5287,0225,0255,0.7455835028250084,0025,0.21666969113550258,0225,0.03774680603948896,0.5289138116895058,Top1 only,0,0,0
2024-01-07,New Jersey|Pick 4 Midday,8527,0025,0255,0.6022408963585434,0225,0.3744164332399626,0025,0.023342670401493928,0.2278244631185808,Top1 only,0,0,0
2024-01-12,Pennsylvania|Pick 4 Day,4254,0025,0225,0.9163357912648894,0255,0.046795235394214416,0025,0.0368689733408962,0.869540555870675,Top1 only,0,0,0
2024-01-15,Louisiana|Pick 4,3323,0255,0255,0.9243061396131201,0025,0.03784693019343986,0225,0.03784693019343986,0.8864592094196803,Top1 only,1,1,1
2024-01-21,Connecticut|Play 4 Night,8536,0025,0225,0.9154656319290466,0255,0.04711751662971175,0025,0.03741685144124169,0.8683481152993349,Top1 only,0,0,0
2024-01-23,Delaware|Play 4 Day,5307,0255,0225,0.8709945900957137,0255,0.07074490220557636,0025,0.05826050769870994,0.8002496878901373,Top1 only,0,1,0
2024-01-26,Illinois|Pick 4 Midday,1870,0225,0025,0.915989159891599,0255,0.047425474254742556,0225,0.03658536585365854,0.8685636856368565,Top1 only,0,0,0
2024-01-26,New York|Win 4 Evening,7701,0255,0255,0.38461538461538464,0025,0.3076923076923077,0225,0.3076923076923077,0.07692307692307693,Skip member play,1,1,0
2024-01-29,Virginia|Pick 4 Day,5784,0225,0255,0.391304347826087,0025,0.30434782608695654,0225,0.30434782608695654,0.08695652173913043,Skip member play,0,0,0
2024-02-01,Tennessee|Cash 4 Midday,4194,0255,0255,0.7473454255227062,0025,0.22790632392259158,0225,0.024748250554702166,0.5194391016001146,Top1 only,1,1,1
2024-02-02,North Carolina|Pick 4 Evening,7046,0025,0255,0.6026680175616346,0025,0.37284701114488356,0225,0.02448497129348193,0.22982100641675102,Top1 only,0,1,0
2024-02-04,Maryland|Pick 4 Evening,9719,0255,0225,0.9152759948652118,0255,0.04749679075738126,0025,0.037227214377406934,0.8677792041078306,Top1 only,0,1,0
2024-02-04,Oregon|Pick 4 4pm,0037,0255,0255,0.3958333333333333,0025,0.3020833333333333,0225,0.3020833333333333,0.09375,Skip member play,1,1,0
2024-02-04,Wisconsin|Pick 4 Midday,0508,0225,0225,0.9145084234347499,0255,0.04903193361830526,0025,0.03645964294694493,0.8654764898164446,Top1 only,1,1,1
2024-02-06,Missouri|Pick 4 Midday,6303,0225,0255,0.6122854994539455,0025,0.35038249457293347,0225,0.03733200597312095,0.26190300488101204,Top1 only,0,0,0
2024-02-06,North Carolina|Pick 4 Daytime,3342,0255,0225,0.9162355259916236,0255,0.04804138950480414,0025,0.03572308450357231,0.8681941364868194,Top1 only,0,1,0
2024-02-09,Tennessee|Cash 4 Midday,9895,0025,0255,0.9447736405597557,0025,0.030623184837069748,0225,0.0246031746031746,0.9141504557226859,Top1 only,0,1,0
2024-02-16,Missouri|Pick 4 Midday,1565,0255,0225,0.6687310513122378,0025,0.22821864526072222,0255,0.1030503034270399,0.44051240605151554,Top1 only,0,0,0
2024-02-20,Rhode Island|Numbers Game Midday,6844,0025,0025,0.9139167862266859,0255,0.04901960784313726,0225,0.03706360593017695,0.8648971783835486,Top1 only,1,1,1
2024-02-22,Québec|Quotidienne 4,0956,0025,0255,0.39805825242718446,0025,0.30097087378640774,0225,0.30097087378640774,0.09708737864077671,Skip member play,0,1,0
2024-03-08,Virginia|Pick 4 Night,0171,0255,0225,0.5950854700854701,0255,0.3804945054945055,0025,0.02442002442002442,0.2145909645909646,Top1 only,0,1,0
2024-03-08,"Washington, D.C.|DC-4 7:50pm",4269,0255,0255,0.4,0025,0.3047619047619048,0225,0.29523809523809524,0.09523809523809523,Skip member play,1,1,0
2024-03-20,West Virginia|Daily 4,1299,0225,0225,0.7169742901317526,0025,0.23355493214160222,0255,0.049470777726645196,0.4834193579901504,Top1 only,1,1,1
2024-03-22,New Jersey|Pick 4 Evening,0571,0225,0255,0.9525292983236908,0025,0.023735350838154572,0225,0.023735350838154572,0.9287939474855362,Top1 only,0,0,0
2024-03-23,Illinois|Pick 4 Midday,3747,0225,0025,0.7752526259687619,0225,0.17619272181804937,0255,0.048554652213188804,0.5990599041507125,Top1 only,0,1,0
2024-03-25,Kentucky|Pick 4 Midday,6604,0225,0225,0.6751384980376817,0255,0.2890593090780043,0025,0.03580219288431417,0.38607918895967736,Top1 only,1,1,1
2024-03-26,New Jersey|Pick 4 Midday,6495,0255,0025,0.5987508944267277,0255,0.36244644481939203,0225,0.038802660753880266,0.23630444960733565,Top1 only,0,1,0
2024-03-31,Iowa|Pick 4 Evening,1096,0255,0255,0.5602835426855186,0225,0.40455934898664125,0025,0.03515710832784003,0.15572419369887736,Top1 only,1,1,1
2024-04-05,Arkansas|Cash 4 Midday,5689,0255,0255,0.4017857142857143,0225,0.3125,0025,0.2857142857142857,0.0892857142857143,Skip member play,1,1,0
2024-04-06,Missouri|Pick 4 Midday,9418,0225,0255,0.6391721515065626,0225,0.23672295566561724,0025,0.1241048928278203,0.40244919584094535,Top1 only,0,1,0
2024-04-06,New York|Win 4 Evening,4069,0225,0255,0.6034530771372876,0225,0.3742690058479532,0025,0.022277917014759115,0.22918407128933438,Top1 only,0,1,0
2024-04-08,New Jersey|Pick 4 Midday,8145,0225,0255,0.5990433923236688,0025,0.3617201283550162,0225,0.039236479321314945,0.23732326396865255,Top1 only,0,0,0
2024-04-09,Tennessee|Cash 4 Morning,8341,0225,0255,0.9264087468460891,0225,0.03994953742640874,0025,0.033641715727502096,0.8864592094196804,Top1 only,0,1,0
2024-04-10,Delaware|Play 4 Day,7245,0225,0255,0.9259954138002918,0225,0.04065040650406503,0025,0.03335417969564311,0.8853450072962268,Top1 only,0,1,0
2024-04-12,"Washington, D.C.|DC-4 7:50pm",6153,0255,0255,0.9255890863993387,0225,0.04133939644481191,0025,0.03307151715584953,0.8842496899545268,Top1 only,1,1,1
2024-04-14,Florida|Pick 4 Midday,3755,0025,0255,0.9674708593114665,0225,0.018071744826963044,0025,0.014457395861570433,0.9493991144845034,Top1 only,0,0,0
2024-04-17,Pennsylvania|Pick 4 Evening,8623,0025,0025,0.8028288684526189,0255,0.156520725043316,0225,0.04065040650406503,0.646308143409303,Top1 only,1,1,1
2024-04-23,Pennsylvania|Pick 4 Evening,8534,0025,0025,0.8445391756896393,0255,0.11514637157905662,0225,0.04031445273130417,0.7293928041105827,Top1 only,1,1,1
2024-05-07,New Mexico|Pick 4 Evening,4109,0225,0225,0.9180327868852458,0255,0.046981207516993195,0025,0.03498600559776089,0.8710515793682526,Top1 only,1,1,1
2024-05-10,Texas|Daily 4 Morning,8509,0225,0255,0.3821138211382114,0225,0.3333333333333333,0025,0.2845528455284553,0.04878048780487809,Skip member play,0,1,0
2024-05-11,Illinois|Pick 4 Evening,6865,0255,0255,0.9242722265932337,0225,0.04130605822187254,0025,0.03442171518489379,0.8829661683713612,Top1 only,1,1,1
2024-05-12,New Mexico|Pick 4 Evening,5210,0225,0225,0.9190243902439024,0255,0.04682926829268292,0025,0.03414634146341463,0.8721951219512194,Top1 only,1,1,1
2024-05-14,Georgia|Cash 4 Night,8066,0025,0255,0.38095238095238093,0225,0.3412698412698413,0025,0.2777777777777778,0.03968253968253965,Skip member play,0,0,0
2024-05-15,Illinois|Pick 4 Midday,3246,0255,0225,0.5622066374912708,0025,0.3917015630080571,0255,0.046091799500672166,0.17050507448321367,Top1 only,0,0,0
2024-05-20,Idaho|Pick 4 Night,0351,0255,0255,0.3828125,0225,0.3359375,0025,0.28125,0.046875,Skip member play,1,1,0
2024-05-20,Puerto Rico|Pega 4 Día,0902,0255,0255,0.9253166950274154,0225,0.04065040650406504,0025,0.03403289846851957,0.8846662885233504,Top1 only,1,1,1
2024-05-24,Ohio|Pick 4 Evening,3774,0025,0025,0.5934065934065934,0225,0.37545787545787546,0255,0.031135531135531136,0.21794871794871795,Top1 only,1,1,1
2024-06-03,Missouri|Pick 4 Midday,5530,0225,0255,0.5179676193769577,0225,0.36167854489332557,0025,0.12035383572971674,0.1562890744836321,Top1 + Top2,0,1,1
2024-06-03,Ohio|Pick 4 Evening,8752,0025,0025,0.7682780182780182,0225,0.2010582010582011,0255,0.030663780663780664,0.5672198172198171,Top1 only,1,1,1
2024-06-06,Connecticut|Play 4 Night,3041,0025,0025,0.5352922159560329,0225,0.4179445344565841,0255,0.04676324958738309,0.11734768149944885,Top1 + Top2,1,1,1
2024-06-07,Iowa|Pick 4 Evening,6506,0225,0225,0.5460806837511852,0255,0.4184260508683998,0025,0.035493265380415,0.12765463288278545,Top1 + Top2,1,1,1
2024-06-08,Louisiana|Pick 4,4313,0025,0255,0.924119241192412,0225,0.04065040650406504,0025,0.03523035230352303,0.8834688346883469,Top1 only,0,0,0
2024-06-08,"Washington, D.C.|DC-4 11:30pm",1948,0025,0225,0.8760893246187365,0255,0.06944444444444443,0025,0.05446623093681917,0.806644880174292,Top1 only,0,0,0
2024-06-19,Maryland|Pick 4 Midday,0301,0255,0255,0.3722627737226277,0225,0.3284671532846715,0025,0.29927007299270075,0.043795620437956206,Skip member play,1,1,0
2024-06-20,Michigan|Daily 4 Midday,8437,0255,0255,0.9240014139271828,0225,0.039766702014846236,0025,0.036231884057971016,0.8842347119123366,Top1 only,1,1,1
2024-06-22,Texas|Daily 4 Evening,6919,0025,0025,0.47673980925383447,0255,0.3443807007301437,0225,0.1788794900160219,0.13235910852369076,Top1 + Top2,1,1,1
2024-06-28,Puerto Rico|Pega 4 Noche,5460,0025,0025,0.9146341463414634,0255,0.046167247386759584,0225,0.03919860627177701,0.8684668989547039,Top1 only,1,1,1
2024-06-30,Indiana|Daily 4 Evening,6205,0225,0255,0.5793487378936932,0025,0.40349271715091894,0225,0.017158544955387784,0.1758560207427743,Top1 only,0,0,0
2024-07-01,"Washington, D.C.|DC-4 7:50pm",1827,0025,0255,0.9235657849536243,0225,0.0395053246307111,0025,0.036928890415664724,0.8840604603229132,Top1 only,0,0,0
2024-07-06,Delaware|Play 4 Night,1122,0225,0225,0.9172778441071125,0255,0.04519870373528911,0025,0.0375234521575985,0.8720791403718234,Top1 only,1,1,1
2024-07-07,Indiana|Daily 4 Midday,8281,0255,0255,0.9498456790123456,0225,0.02590388007054674,0025,0.024250440917107586,0.9239417989417988,Top1 only,1,1,1
2024-07-08,Georgia|Cash 4 Evening,0371,0025,0025,0.9150546677880572,0255,0.04541631623212784,0225,0.03952901597981497,0.8696383515559294,Top1 only,1,1,1
2024-07-10,North Carolina|Pick 4 Daytime,6407,0255,0025,0.8436097895611407,0225,0.12703600300245996,0255,0.029354207436399212,0.7165737865586808,Top1 only,0,0,0
2024-07-24,Atlantic Canada|Lotto 4,8762,0225,0255,0.923676787788286,0225,0.03899120623859299,0025,0.03733200597312095,0.884685581549693,Top1 only,0,1,0
2024-07-25,Michigan|Daily 4 Midday,9781,0255,0255,0.9233684904416611,0225,0.039551746868820035,0025,0.037079762689518785,0.8838167435728411,Top1 only,1,1,1
2024-07-25,New Jersey|Pick 4 Midday,2327,0025,0025,0.4405049837954527,0255,0.439798503723524,0225,0.11969651248102317,0.0007064800719286946,Top1 + Top2,1,1,1
2024-07-30,South Carolina|Pick 4 Midday,6011,0225,0025,0.49039944073942376,0225,0.2767585140891575,0255,0.23284204517141865,0.21364092665026624,Top1 + Top2,0,1,1
2024-07-31,New Jersey|Pick 4 Evening,5117,0255,0255,0.5790740894382864,0225,0.3837752079288594,0025,0.03715070263285414,0.19529888150942704,Top1 only,1,1,1
2024-08-06,Maryland|Pick 4 Midday,1340,0225,0255,0.6011904761904763,0025,0.3732247284878864,0225,0.02558479532163743,0.22796574770258987,Top1 only,0,0,0
2024-08-12,Puerto Rico|Pega 4 Noche,1388,0255,0025,0.9147138530208833,0255,0.04543280726924917,0225,0.039853339709867694,0.8692810457516341,Top1 only,0,1,0
2024-08-15,Georgia|Cash 4 Evening,0920,0225,0025,0.5951350237064523,0255,0.37909709338280767,0225,0.025767882910740055,0.21603793032364466,Top1 only,0,0,0
2024-08-16,New Mexico|Pick 4 Day,5602,0255,0255,0.4767025089605734,0225,0.46833930704898447,0025,0.05495818399044205,0.008363201911588958,Top1 + Top2,1,1,1
2024-08-19,Florida|Pick 4 Midday,6908,0225,0255,0.6713798998665845,0025,0.28875143221596705,0225,0.0398686679174484,0.3826284676506175,Top1 only,0,0,0
2024-08-20,Illinois|Pick 4 Midday,4120,0225,0255,0.36946857709635395,0025,0.3312002523491794,0225,0.29933117055446656,0.038268324747174565,Skip member play,0,0,0
2024-08-25,Connecticut|Play 4 Day,6987,0025,0255,0.7328873023907995,0025,0.22620501005131216,0225,0.040907687557888234,0.5066822923394874,Top1 only,0,1,0
2024-08-26,Connecticut|Play 4 Day,0025,0225,0025,0.8112629582341598,0255,0.1622820153108137,0225,0.02645502645502645,0.6489809429233462,Top1 only,0,0,0
2024-08-27,Georgia|Cash 4 Night,7489,0025,0025,0.9138719512195121,0255,0.04496951219512195,0225,0.04115853658536585,0.8689024390243902,Top1 only,1,1,1
2024-08-28,Connecticut|Play 4 Night,4698,0225,0025,0.6241036719820845,0225,0.3312061295631359,0255,0.04469019845477958,0.2928975424189486,Top1 only,0,1,0
2024-08-31,Illinois|Pick 4 Evening,7989,0255,0255,0.9224631135200241,0225,0.04140319180969587,0025,0.03613369467028003,0.8810599217103282,Top1 only,1,1,1
2024-09-05,Wisconsin|Pick 4 Evening,9598,0025,0255,0.518786086782922,0025,0.4544342852104561,0225,0.02677962800662187,0.06435180157246595,Top1 + Top2,0,1,1
2024-09-10,Virginia|Pick 4 Day,1637,0025,0225,0.9189470553242118,0255,0.044616299821534804,0025,0.03643664485425342,0.874330755502677,Top1 only,0,0,0
2024-09-13,Oregon|Pick 4 4pm,7931,0025,0255,0.9223946784922396,0225,0.04065040650406504,0025,0.03695491500369549,0.8817442719881745,Top1 only,0,0,0
2024-09-18,Kentucky|Pick 4 Evening,7481,0025,0255,0.9221275345283573,0225,0.04040552453717308,0025,0.03746694093446958,0.8817220099911842,Top1 only,0,0,0
2024-09-22,Idaho|Pick 4 Day,9742,0255,0225,0.9182123557762523,0255,0.04381480940557908,0025,0.03797283481816854,0.8743975463706732,Top1 only,0,1,0
2024-09-24,"Tri-State (ME, NH & VT)|Pick 4 Day",1909,0225,0025,0.8721340388007054,0255,0.06723985890652556,0225,0.060626102292768956,0.8048941798941798,Top1 only,0,0,0
2024-10-04,Georgia|Cash 4 Evening,5229,0255,0225,0.6203292155921947,0025,0.33565288860754566,0255,0.04401789580025978,0.284676326984649,Top1 only,0,0,0
2024-10-08,Pennsylvania|Pick 4 Day,8122,0025,0025,0.8256690466758069,0225,0.1298546262079807,0255,0.04447632711621233,0.6958144204678262,Top1 only,1,1,1
2024-10-10,Delaware|Play 4 Day,0288,0025,0225,0.6988471215090678,0255,0.2633551320924155,0025,0.037797746398516616,0.4354919894166523,Top1 only,0,0,0
2024-10-10,Kentucky|Pick 4 Midday,7355,0255,0225,0.4967944732380468,0255,0.3036854086371839,0025,0.19952011812476933,0.1931090646008629,Top1 + Top2,0,1,1
2024-10-14,Arkansas|Cash 4 Evening,4426,0025,0255,0.9495366547389668,0225,0.02569043031470777,0025,0.024772914946325348,0.923846224424259,Top1 only,0,0,0
2024-10-15,Louisiana|Pick 4,4211,0025,0025,0.5980381718585844,0255,0.36271315979266316,0225,0.039248668348752444,0.23532501206592127,Top1 only,1,1,1
2024-10-19,New Jersey|Pick 4 Midday,4722,0255,0025,0.6994145049657751,0255,0.26156110479032246,0225,0.03902439024390243,0.4378534001754526,Top1 only,0,1,0
2024-10-22,Pennsylvania|Pick 4 Evening,1225,0025,0025,0.5346769373234121,0255,0.42652040192270757,0225,0.03880266075388026,0.10815653540070458,Top1 + Top2,1,1,1
2024-10-26,Georgia|Cash 4 Midday,2210,0255,0255,0.3615819209039548,0025,0.3220338983050847,0225,0.3163841807909605,0.03954802259887008,Skip member play,1,1,0
2024-10-28,Ohio|Pick 4 Evening,8346,0025,0025,0.5968432316746923,0255,0.3781879793115748,0225,0.02496878901373283,0.21865525236311756,Top1 only,1,1,1
2024-11-01,Florida|Pick 4 Evening,3168,0025,0255,0.36312849162011174,0025,0.3240223463687151,0225,0.3128491620111732,0.03910614525139666,Skip member play,0,1,0
2024-11-03,Idaho|Pick 4 Day,5909,0225,0225,0.8244987375687624,0255,0.14948715308379495,0025,0.026014109347442683,0.6750115844849673,Top1 only,1,1,1
2024-11-09,New York|Win 4 Midday,9900,0225,0025,0.6914339329586544,0225,0.26477143019994964,0255,0.043794636841396034,0.42666250275870476,Top1 only,0,1,0
2024-11-12,Puerto Rico|Pega 4 Noche,9717,0025,0025,0.5611721660431859,0255,0.39996425850787287,0225,0.038863575448941305,0.161207907535313,Top1 only,1,1,1
2024-11-18,Illinois|Pick 4 Evening,5647,0255,0255,0.921364787418366,0025,0.03998400639744103,0225,0.038651206184192995,0.881380781020925,Top1 only,1,1,1
2024-11-19,Mississippi|Cash 4 Evening,9806,0025,0225,0.9456521739130435,0255,0.02846790890269151,0025,0.02587991718426501,0.917184265010352,Top1 only,0,0,0
2024-11-25,South Carolina|Pick 4 Midday,1130,0225,0225,0.541021585714063,0025,0.3069686018480859,0255,0.15200981243785117,0.23405298386597712,Top1 + Top2,1,1,1
2024-11-27,Pennsylvania|Pick 4 Day,3104,0225,0225,0.5334993876811103,0025,0.43833880996353897,0255,0.02816180235535074,0.0951605777175713,Top1 + Top2,1,1,1
2024-12-03,Tennessee|Cash 4 Morning,8947,0225,0225,0.37960387127978695,0025,0.37509549274255155,0255,0.2453006359776615,0.004508378537235402,Skip member play,1,1,0
2024-12-06,New Jersey|Pick 4 Midday,3685,0025,0025,0.5809394519504427,0255,0.29220110331985866,0225,0.12685944472969865,0.28873834863058406,Top1 only,1,1,1
2024-12-07,Virginia|Pick 4 Night,8200,0225,0255,0.8765690660372142,0225,0.08342577200640446,0025,0.04000516195638147,0.7931432940308097,Top1 only,0,1,0
2024-12-16,Maryland|Pick 4 Midday,2617,0025,0225,0.48798915015957217,0255,0.4861127713107703,0025,0.02589807852965748,0.001876378848801874,Top1 + Top2,0,0,0
2024-12-18,Iowa|Pick 4 Evening,7210,0025,0255,0.8594682420955924,0225,0.10030701010719141,0025,0.040224747797216194,0.7591612319884009,Top1 only,0,0,0
2025-01-03,New York|Win 4 Evening,6697,0225,0255,0.8462831635443196,0225,0.11306642995161537,0025,0.04065040650406504,0.7332167335927042,Top1 only,0,1,0
2025-01-03,South Carolina|Pick 4 Evening,3269,0225,0225,0.917856691520283,0255,0.04170352584354858,0025,0.04043978263616833,0.8761531656767345,Top1 only,1,1,1
2025-01-15,Ontario|Pick 4 Midday,5304,0225,0255,0.7067425420402276,0225,0.2530261278114194,0025,0.040231330148353034,0.45371641422880815,Top1 only,0,1,0
2025-01-15,Pennsylvania|Pick 4 Day,3857,0225,0225,0.8773799319462843,0025,0.08134427068035732,0255,0.04127579737335835,0.796035661265927,Top1 only,1,1,1
2025-01-17,Puerto Rico|Pega 4 Noche,7699,0025,0025,0.6361309731133984,0255,0.32280382031616867,0225,0.041065206570433055,0.3133271527972297,Top1 only,1,1,1
2025-01-18,"Tri-State (ME, NH & VT)|Pick 4 Evening",2639,0225,0225,0.8768565519834556,0255,0.06204173716864072,0025,0.06110171084790374,0.8148148148148149,Top1 only,1,1,1
2025-01-21,Florida|Pick 4 Evening,9193,0025,0025,0.9180832717418084,0225,0.04126632175412664,0255,0.04065040650406504,0.8768169499876818,Top1 only,1,1,1
2025-01-27,Ontario|Pick 4 Midday,7551,0255,0225,0.5016173594227248,0255,0.4579365074727281,0025,0.04044613310454713,0.04368085194999666,Top1 + Top2,0,1,1
2025-01-28,Texas|Daily 4 Morning,4797,0255,0025,0.661983645848019,0225,0.2971626956153955,0255,0.04085365853658536,0.36482095023262356,Top1 only,0,0,0
2025-01-30,Maryland|Pick 4 Evening,0637,0225,0255,0.690768380320619,0225,0.2831714443654742,0025,0.026060175313906656,0.40759693595514485,Top1 only,0,1,0
2025-01-30,Ontario|Pick 4 Midday,3238,0025,0255,0.5878873434826617,0225,0.3722672085579081,0025,0.03984544795943008,0.21562013492475357,Top1 only,0,0,0
2025-01-30,Texas|Daily 4 Night,2814,0025,0025,0.8759350483488414,0225,0.06203247582557927,0255,0.06203247582557927,0.8139025725232621,Top1 only,1,1,1
2025-02-08,Texas|Daily 4 Evening,4114,0225,0025,0.6754947952098972,0225,0.17013225431793488,0255,0.1543729504721678,0.5053625408919623,Top1 only,0,1,0
2025-02-13,"Washington, D.C.|DC-4 11:30pm",6101,0255,0025,0.5977545489740611,0225,0.3759194734804491,0255,0.02632597754548974,0.22183507549361203,Top1 only,0,0,0
2025-02-22,Missouri|Pick 4 Midday,1556,0225,0255,0.6852690958351942,0225,0.2593009162918291,0025,0.055429987872976635,0.42596817954336513,Top1 only,0,1,0
2025-02-28,Michigan|Daily 4 Evening,9670,0255,0225,0.9192883233180159,0255,0.04065040650406504,0025,0.040061270177919175,0.8786379168139509,Top1 only,0,1,0
2025-03-11,Georgia|Cash 4 Night,8261,0255,0025,0.9179174484052534,0225,0.041041275797373364,0255,0.041041275797373364,0.87687617260788,Top1 only,0,0,0
2025-03-11,Oregon|Pick 4 10pm,6431,0225,0255,0.5800207803692802,0025,0.3183150410413899,0225,0.10166417858932998,0.26170573932789026,Top1 only,0,0,0
2025-03-14,Maryland|Pick 4 Midday,2320,0025,0255,0.5391433630437358,0225,0.33272596530110327,0025,0.1281306716551609,0.2064173977426325,Top1 + Top2,0,0,0
2025-03-21,Georgia|Cash 4 Night,5361,0225,0255,0.7090190744803615,0025,0.2642751405200146,0225,0.026705784999623863,0.4447439339603469,Top1 only,0,0,0
2025-03-29,South Carolina|Pick 4 Evening,8915,0025,0225,0.5983827493261455,0255,0.37578616352201255,0025,0.025831087151841865,0.222596585804133,Top1 only,0,0,0
2025-03-31,Illinois|Pick 4 Evening,2773,0025,0255,0.91869918699187,0225,0.041222947440742015,0025,0.04007786556738808,0.877476239551128,Top1 only,0,0,0
2025-03-31,Kentucky|Pick 4 Midday,7994,0255,0225,0.5000918990740888,0255,0.45944764959242596,0025,0.04046045133348529,0.04064424948166284,Top1 + Top2,0,1,1
2025-04-01,Arkansas|Cash 4 Midday,6649,0255,0255,0.9188882586500284,0225,0.04083947816222348,0025,0.04027226318774816,0.878048780487805,Top1 only,1,1,1
2025-04-02,Québec|Quotidienne 4,2733,0225,0255,0.33796296296296297,0225,0.3333333333333333,0025,0.3287037037037037,0.00462962962962965,Skip member play,0,1,0
2025-04-04,"Washington, D.C.|DC-4 1:50pm",7057,0025,0225,0.33640552995391704,0255,0.33640552995391704,0025,0.3271889400921659,0.0,Skip member play,0,0,0
2025-04-05,Kentucky|Pick 4 Evening,5954,0025,0255,0.9188856567464758,0225,0.04083687625867084,0025,0.04027746699485344,0.878048780487805,Top1 only,0,0,0
2025-04-06,Ohio|Pick 4 Evening,6227,0255,0025,0.91869918699187,0225,0.04065040650406504,0255,0.04065040650406504,0.878048780487805,Top1 only,0,0,0
2025-04-09,Oregon|Pick 4 10pm,6374,0255,0025,0.4964767485692991,0225,0.35388430441043145,0255,0.14963894702026953,0.14259244415886763,Top1 + Top2,0,0,0
2025-04-12,Oregon|Pick 4 4pm,0756,0025,0025,0.5481005521730623,0255,0.4116169183048099,0225,0.040282529522127804,0.1364836338682524,Top1 + Top2,1,1,1
2025-04-15,North Carolina|Pick 4 Daytime,7650,0255,0025,0.5354570679781262,0255,0.3877511940287242,0225,0.07679173799314959,0.147705873949402,Top1 + Top2,0,1,1
2025-04-15,South Carolina|Pick 4 Midday,2983,0025,0025,0.42942498979430166,0255,0.3654348801038754,0225,0.20514013010182297,0.06399010969042623,Top1 + Top2,1,1,1
2025-04-18,New Jersey|Pick 4 Midday,3533,0255,0025,0.6157863266228164,0255,0.3444706420182985,0225,0.039743031358885024,0.2713156846045179,Top1 only,0,1,0
2025-04-28,New Jersey|Pick 4 Midday,2485,0225,0025,0.4109942005267982,0255,0.3640123521360269,0225,0.2249934473371749,0.0469818483907713,Skip member play,0,0,0
2025-04-29,Québec|Quotidienne 4,3249,0255,0225,0.5437291328856156,0025,0.42923055246345027,0255,0.02704031465093412,0.11449858042216537,Top1 + Top2,0,0,0
2025-05-01,Missouri|Pick 4 Midday,3225,0025,0225,0.7165432707171941,0255,0.18422297527674983,0025,0.09923375400605605,0.5323202954404443,Top1 only,0,0,0
2025-05-06,Wisconsin|Pick 4 Midday,0110,0255,0225,0.9176294394522893,0255,0.041720154043645694,0025,0.04065040650406503,0.8759092854086435,Top1 only,0,1,0
2025-05-08,Georgia|Cash 4 Midday,4957,0255,0255,0.34497816593886466,0025,0.3318777292576419,0225,0.3231441048034934,0.013100436681222738,Skip member play,1,1,0
2025-05-12,Texas|Daily 4 Evening,8226,0225,0225,0.4555552186194949,0025,0.43848715099164387,0255,0.10595763038886137,0.017068067627851014,Top1 + Top2,1,1,1
2025-05-13,Delaware|Play 4 Night,3513,0255,0225,0.9176433322774785,0255,0.04223418857565198,0025,0.04012247914686939,0.8754091437018265,Top1 only,0,1,0
2025-05-20,Pennsylvania|Pick 4 Evening,5996,0025,0025,0.7026652645600928,0255,0.2579108498217407,0225,0.03942388561816653,0.44475441473835214,Top1 only,1,1,1
2025-05-21,Texas|Daily 4 Evening,6370,0025,0225,0.5570252841009871,0255,0.3465598524078985,0025,0.09641486349111437,0.21046543169308857,Top1 only,0,0,0
2025-05-25,New York|Win 4 Evening,7971,0025,0025,0.37566137566137564,0255,0.32094276379990666,0225,0.30339586053871764,0.05471861186146898,Skip member play,1,1,0
2025-05-28,New Jersey|Pick 4 Evening,7820,0255,0225,0.5002110525224978,0255,0.4587925800670197,0025,0.04099636741048262,0.041418472455478084,Top1 + Top2,0,1,1
2025-05-31,New York|Win 4 Midday,8480,0025,0225,0.6884875743514611,0025,0.2691395442926066,0255,0.0423728813559322,0.4193480300588545,Top1 only,0,1,0
2025-06-02,Iowa|Pick 4 Evening,2954,0255,0255,0.5069956157448663,0025,0.4148270009167206,0225,0.07817738333841323,0.0921686148281457,Top1 + Top2,1,1,1
2025-06-13,Massachusetts|Numbers Game Midday,1389,0025,0025,0.919040787046526,0255,0.04252920680467309,0225,0.03843000614880099,0.8765115802418529,Top1 only,1,1,1
2025-06-17,New Mexico|Pick 4 Evening,0971,0255,0225,0.9163179916317991,0255,0.042351260332687005,0025,0.04133074803551382,0.8739667312991121,Top1 only,0,1,0
2025-06-17,North Carolina|Pick 4 Daytime,2084,0025,0255,0.6246836321507632,0025,0.203747887930363,0225,0.1715684799188739,0.42093574422040014,Top1 only,0,1,0
2025-06-18,Oregon|Pick 4 4pm,3891,0025,0025,0.9287262215713198,0255,0.04657510227772195,0225,0.02469867615095831,0.8821511192935978,Top1 only,1,1,1
2025-06-18,Tennessee|Cash 4 Morning,8848,0025,0225,0.7894691897632405,0255,0.16870456552803137,0025,0.041826244708728075,0.6207646242352092,Top1 only,0,0,0
2025-06-22,Tennessee|Cash 4 Evening,7013,0225,0025,0.8788294467306813,0255,0.06401463191586648,0225,0.05715592135345221,0.8148148148148149,Top1 only,0,0,0
2025-06-30,Rhode Island|Numbers Game Midday,1810,0225,0025,0.9200319872051179,0255,0.041983206717313065,0225,0.03798480607756897,0.8780487804878049,Top1 only,0,0,0
2025-07-10,Missouri|Pick 4 Midday,2164,0225,0225,0.5660559437789535,0255,0.27714278174649937,0025,0.15680127447454717,0.28891316203245415,Top1 only,1,1,1
2025-07-10,Virginia|Pick 4 Night,8715,0255,0225,0.6191118136435309,0255,0.3392463065230366,0025,0.041641879833432476,0.27986550712049424,Top1 only,0,1,0
2025-07-11,Georgia|Cash 4 Midday,3838,0255,0255,0.9200157993482769,0025,0.04147328922681939,0225,0.038510911424903725,0.8785425101214576,Top1 only,1,1,1
2025-07-11,Illinois|Pick 4 Midday,9658,0025,0255,0.5510767129976752,0225,0.4089056408160061,0025,0.040017646186318645,0.14217107218166913,Top1 only,0,0,0
2025-07-14,Puerto Rico|Pega 4 Noche,0582,0025,0025,0.7590077480880891,0255,0.2027906650767653,0225,0.038201586835145455,0.5562170830113238,Top1 only,1,1,1
2025-07-15,Mississippi|Cash 4 Midday,1105,0255,0025,0.344,0255,0.344,0225,0.312,0.0,Skip member play,0,1,0
2025-07-16,Ontario|Pick 4 Evening,7737,0255,0255,0.3466135458167331,0025,0.3426294820717131,0225,0.3107569721115538,0.003984063745019972,Skip member play,1,1,0
2025-07-20,Connecticut|Play 4 Day,1884,0025,0225,0.46831731195983334,0025,0.3628133690225108,0255,0.16886931901765578,0.10550394293732251,Top1 + Top2,0,1,1
2025-07-21,Maryland|Pick 4 Midday,2045,0255,0025,0.6111599826472573,0225,0.3464222018702401,0255,0.04241781548250265,0.26473778077701726,Top1 only,0,0,0
2025-07-22,Tennessee|Cash 4 Morning,6608,0025,0025,0.71616872505943,0255,0.14423956824156678,0225,0.13959170669900323,0.5719291568178632,Top1 only,1,1,1
2025-07-28,Texas|Daily 4 Day,9125,0225,0255,0.9206121472979436,0025,0.04208512673362028,0225,0.03730272596843616,0.8785270205643233,Top1 only,0,0,0
2025-08-11,Oregon|Pick 4 10pm,5114,0255,0255,0.49749966028048676,0225,0.4605796080121962,0025,0.041920731707317076,0.03692005226829054,Top1 + Top2,1,1,1
2025-08-22,Tennessee|Cash 4 Evening,7617,0025,0225,0.5958248409610277,0025,0.3763819405842752,0255,0.027793218454697052,0.21944290037675251,Top1 only,0,1,0
2025-08-28,Idaho|Pick 4 Night,0604,0025,0255,0.9205899035734544,0025,0.04206844394025336,0225,0.03734165248629231,0.878521459633201,Top1 only,0,1,0
2025-08-28,Texas|Daily 4 Morning,3767,0255,0255,0.689196423506616,0025,0.1691271711896384,0225,0.1416764053037456,0.5200692523169776,Top1 only,1,1,1
2025-08-30,Oregon|Pick 4 10pm,3825,0025,0225,0.5699282099628387,0255,0.3376951785762866,0025,0.09237661146087463,0.23223303138655205,Top1 only,0,0,0
2025-09-01,Rhode Island|Numbers Game Midday,3815,0025,0225,0.5328568391653485,0025,0.424623770123503,0255,0.04251939071114849,0.10823306904184554,Top1 + Top2,0,1,1
2025-09-01,Virginia|Pick 4 Day,1792,0255,0025,0.6412422222504125,0225,0.316400674789245,0255,0.042357102960342584,0.3248415474611675,Top1 only,0,0,0
2025-09-09,Ohio|Pick 4 Evening,5918,0025,0025,0.7737944353913936,0255,0.20236586396282213,0225,0.0238397006457843,0.5714285714285714,Top1 only,1,1,1
2025-09-09,Québec|Quotidienne 4,9400,0025,0225,0.6034361505359401,0255,0.20332519199672844,0025,0.19323865746733151,0.4001109585392117,Top1 only,0,0,0
2025-09-15,Kentucky|Pick 4 Midday,1447,0225,0255,0.515108028617009,0225,0.4416338029522502,0025,0.043258168430740915,0.07347422566475881,Top1 + Top2,0,1,1
2025-09-18,Tennessee|Cash 4 Morning,1215,0025,0025,0.7142313381273957,0225,0.1697393972203405,0255,0.11602926465226378,0.5444919409070552,Top1 only,1,1,1
2025-09-19,Puerto Rico|Pega 4 Día,6727,0225,0255,0.9479816895547233,0025,0.0282385113845788,0225,0.023779799060697937,0.9197431781701445,Top1 only,0,0,0
2025-09-21,Kentucky|Pick 4 Evening,1294,0225,0025,0.7563762361189719,0255,0.2067653729090588,0225,0.03685839097196942,0.549610863209913,Top1 only,0,0,0
2025-09-21,Michigan|Daily 4 Midday,0869,0025,0255,0.5985720186463681,0025,0.20263173423024725,0225,0.19879624712338467,0.39594028441612084,Top1 only,0,1,0
2025-10-04,New York|Win 4 Midday,3568,0225,0225,0.49020630624227923,0025,0.482750777825916,0255,0.027042915931804825,0.007455528416363211,Top1 + Top2,1,1,1
2025-10-04,"Washington, D.C.|DC-4 1:50pm",3032,0225,0025,0.921249212492125,0255,0.041400414004140046,0225,0.03735037350373504,0.8798487984879849,Top1 only,0,0,0
2025-10-05,North Carolina|Pick 4 Evening,0690,0025,0025,0.651000905723127,0255,0.31133768825104813,0225,0.03766140602582497,0.33966321747207884,Top1 only,1,1,1
2025-10-09,Massachusetts|Numbers Game Midday,8030,0225,0025,0.9213794335745555,0255,0.04109711426784598,0225,0.0375234521575985,0.8802823193067095,Top1 only,0,0,0
2025-10-12,Florida|Pick 4 Evening,2007,0225,0025,0.9212212925048959,0255,0.04094712479971515,0225,0.037831582695389,0.8802741677051807,Top1 only,0,0,0
2025-10-15,Texas|Daily 4 Night,5363,0025,0025,0.5994227994227994,0225,0.37402597402597404,0255,0.02655122655122655,0.22539682539682537,Top1 only,1,1,1
2025-10-21,Louisiana|Pick 4,2877,0255,0025,0.6705695223503438,0255,0.2914311846132475,0225,0.03799929303640862,0.3791383377370963,Top1 only,0,1,0
2025-10-23,Idaho|Pick 4 Night,9360,0225,0255,0.848884090862137,0025,0.11325379766476266,0225,0.03786211147310029,0.7356302931973744,Top1 only,0,0,0
2025-10-26,New York|Win 4 Evening,0254,0225,0225,0.5962658444672833,0255,0.3757565376270412,0025,0.027977617905675455,0.22050930684024206,Top1 only,1,1,1
2025-10-27,Oregon|Pick 4 10pm,5161,0025,0255,0.6193168059087056,0225,0.25218131214302547,0025,0.1285018819482689,0.36713549376568017,Top1 only,0,0,0
2025-11-01,Illinois|Pick 4 Midday,5473,0225,0225,0.48626557518339114,0025,0.314824896545092,0255,0.1989095282715169,0.17144067863829915,Top1 + Top2,1,1,1
2025-11-06,Mississippi|Cash 4 Midday,9536,0025,0255,0.9184098602551862,0025,0.042965020397534935,0225,0.038625119347278886,0.8754448398576513,Top1 only,0,1,0
2025-11-12,Puerto Rico|Pega 4 Día,7108,0025,0225,0.5874725222441,0255,0.3843838325909783,0025,0.028143645164921762,0.20308868965312166,Top1 only,0,0,0
2025-11-13,"Washington, D.C.|DC-4 7:50pm",6461,0025,0255,0.7506298901079388,0025,0.21101795958610584,0225,0.03835215030595536,0.539611930521833,Top1 only,0,1,0
2025-11-22,Mississippi|Cash 4 Evening,0241,0225,0225,0.5185068043941103,0025,0.4555039266588742,0255,0.025989268947015424,0.06300287773523616,Top1 + Top2,1,1,1
2025-11-26,"Tri-State (ME, NH & VT)|Pick 4 Day",4418,0225,0225,0.9165596919127085,0025,0.04364569961489088,0255,0.03979460847240051,0.8729139922978176,Top1 only,1,1,1
2025-11-29,Iowa|Pick 4 Midday,4594,0025,0025,0.35664335664335667,0255,0.32517482517482516,0225,0.3181818181818182,0.03146853146853151,Skip member play,1,1,0
2025-12-02,"Washington, D.C.|DC-4 7:50pm",7838,0225,0025,0.803886806276204,0255,0.15744573387846575,0225,0.038667459845330154,0.6464410723977383,Top1 only,0,0,0
2025-12-04,Mississippi|Cash 4 Midday,5600,0225,0255,0.647076689026842,0025,0.31396667140676227,0225,0.038956639566395654,0.33311001762007975,Top1 only,0,0,0
2025-12-06,Ohio|Pick 4 Evening,0071,0025,0025,0.662364429445986,0255,0.2983917525102973,0225,0.039243818043716766,0.36397267693568863,Top1 only,1,1,1
2025-12-09,Québec|Quotidienne 4,9822,0225,0025,0.5304919007576073,0225,0.28438781780431027,0255,0.18512028143808243,0.24610408295329705,Top1 + Top2,0,1,1
2025-12-09,"Washington, D.C.|DC-4 7:50pm",6059,0025,0025,0.5768784653055878,0255,0.29756224341760296,0225,0.12555929127680915,0.2793162218879849,Top1 only,1,1,1
2025-12-13,Georgia|Cash 4 Midday,8063,0225,0255,0.9168894086201137,0025,0.043852322084864684,0225,0.03925826929502172,0.873037086535249,Top1 only,0,0,0
2025-12-15,New Mexico|Pick 4 Evening,1666,0225,0225,0.7709141429837664,0255,0.18538320155964483,0025,0.04370265545658869,0.5855309414241215,Top1 only,1,1,1
2025-12-15,"Washington, D.C.|DC-4 1:50pm",4485,0025,0225,0.5070137236035853,0025,0.45440987022418966,0255,0.038576406172224985,0.05260385337939566,Top1 + Top2,0,1,1
2025-12-17,Wisconsin|Pick 4 Evening,4244,0255,0025,0.6544547453082582,0255,0.30585943410472227,0225,0.03968582058701942,0.34859531120353593,Top1 only,0,1,0
2025-12-23,Atlantic Canada|Lotto 4,8359,0255,0225,0.8099319986597681,0255,0.14639628083924303,0025,0.04367172050098879,0.663535717820525,Top1 only,0,1,0
2025-12-28,Georgia|Cash 4 Midday,7787,0255,0255,0.917056746325039,0025,0.04352467767101913,0225,0.03941857600394186,0.8735320686540199,Top1 only,1,1,1
2026-01-03,Massachusetts|Numbers Game Evening,5360,0255,0255,0.9173350793910623,0025,0.04337862170568014,0225,0.03928629890325748,0.8739564576853821,Top1 only,1,1,1
2026-01-05,Texas|Daily 4 Evening,1046,0255,0225,0.457535918680382,0025,0.37307882421688293,0255,0.16938525710273514,0.08445709446349908,Top1 + Top2,0,0,0
2026-01-09,Delaware|Play 4 Night,5048,0025,0225,0.9170731707317072,0025,0.04308943089430894,0255,0.039837398373983736,0.8739837398373983,Top1 only,0,1,0
2026-01-14,Connecticut|Play 4 Night,8308,0025,0225,0.5666780645757535,0025,0.39361688721097376,0255,0.03970504821327284,0.17306117736477977,Top1 only,0,1,0
2026-01-15,Ohio|Pick 4 Midday,8336,0255,0255,0.9176223550314974,0025,0.04361169439508965,0225,0.038765950573413026,0.8740106606364078,Top1 only,1,1,1
2026-01-17,Oregon|Pick 4 10pm,7558,0255,0255,0.41059173774087543,0025,0.3869748655365887,0225,0.20243339672253596,0.02361687220428671,Skip member play,1,1,0
2026-01-25,New Jersey|Pick 4 Midday,4830,0225,0255,0.43759066947665526,0225,0.29502221216032487,0025,0.26738711836301987,0.1425684573163304,Top1 + Top2,0,1,1
2026-01-28,Florida|Pick 4 Evening,5914,0025,0025,0.8552516475788297,0225,0.10476434602372935,0255,0.03998400639744101,0.7504873015551004,Top1 only,1,1,1
2026-01-29,Atlantic Canada|Lotto 4,2277,0025,0255,0.7076560408548834,0225,0.2489038188613609,0025,0.043440140283755785,0.4587522219935225,Top1 only,0,0,0
2026-02-02,Puerto Rico|Pega 4 Día,3423,0025,0255,0.6194740366311776,0225,0.2908802670271943,0025,0.08964569634162808,0.32859376960398334,Top1 only,0,0,0
2026-02-05,"Washington, D.C.|DC-4 1:50pm",1408,0255,0025,0.9219987329743426,0255,0.039594551789673735,0225,0.038406715235983525,0.8824041811846689,Top1 only,0,1,0
2026-02-06,Puerto Rico|Pega 4 Día,1717,0025,0025,0.41222116647087154,0225,0.32071312401424595,0255,0.2670657095148825,0.09150804245662558,Skip member play,1,1,0
2026-02-13,Tennessee|Cash 4 Morning,4051,0225,0225,0.6034037091082498,0025,0.23132138369235708,0255,0.16527490719939314,0.3720823254158927,Top1 only,1,1,1
2026-02-17,Nebraska|Pick 4,2695,0255,0025,0.36012861736334406,0255,0.3247588424437299,0225,0.31511254019292606,0.03536977491961418,Skip member play,0,1,0
